Tip,State
Wuhan/HBCDC-HB-01/2019,1
Shanghai/SH0093/2020,1
Shanghai/SH0007/2020,1
Wuhan/WIV05/2019,1
Jian/JX129/2020,1
Wuhan/IPBCAMS-WH-03/2019,1
Wuhan/IVDC-HB-04/2020,1
Guangdong/20SF195/2020,1
Wuhan/WH01/2019,1
Guangzhou/GZMU0060/2020,1
Hangzhou/ZJU-07/2020,1
Wuhan/IVDC-HB-05/2019,1
Wuhan/IPBCAMS-WH-01/2019,1
Wuhan/WIV07/2019,1
Shanghai/SH0020/2020,1
Guangdong/GDFS2020127-P0026/2020,1
Shanghai/SH0104/2020,1
Guangdong/GDSZ202004-P0004/2020,1
Wuhan/WIV02/2019,1
USA/CA8/2020,3
Wuhan/HBCDC-HB-02/2019,1
Japan/AI-I-004/2020,1
Shangrao/JX1176/2020,1
Shangrao/JX1177/2020,1
Guangdong/2020XN4448-P0002/2020,1
Shanghai/SH0039/2020,1
Guangdong/GD2020139-P0007/2020,1
Guangzhou/GZMU0014/2020,1
Shanghai/SH0071/2020,1
Australia/NSW02/2020,4
Shanghai/SH0085/2020,1
Shanghai/SH0094/2020,1
Lishui/LS111/2020,1
Hangzhou/ZJU-06/2020,1
Lishui/LS556/2020,1
Guangdong/20SF243/2020,1
Japan/KY-V-029/2020,1
Australia/QLDID922/2020,4
Guangzhou/20SF206/2020,1
Shanghai/SH0051/2020,1
Guangdong/GD2020246-P0028/2020,1
China/IQTC01/2020,1
Shanghai/SH0068/2020,1
Australia/VIC15/2020,4
France/IDF0515/2020,2
Australia/VIC872/2020,4
Australia/VIC899/2020,4
Hangzhou/HZCDC0012/2020,1
Hangzhou/HZCDC0013/2020,1
HongKong/VB20026565/2020,1
Chongqing/IVDC-CQ-001/2020,1
USA/TX_2039/2020,3
Australia/NT01/2020,4
USA/UPHL-01/2020,3
USA/OR_2656/2020,3
Japan/Hu_DP_Kng_19-027/2020,1
Australia/NT05/2020,4
Japan/TK-20-31-3/2020,1
Japan/Hu_DP_Kng_19-020/2020,1
Singapore/3/2020,1
HongKong/VM20002849/2020,1
Singapore/3Clin/2020,1
Australia/NT02/2020,4
Japan/Hu_DP_Kng_19-031/2020,1
USA/TX_2020/2020,3
Australia/NT04/2020,4
Israel/ISR_JP0320/2020,1
India/nimh-0351/2020,1
SaudiArabia/KAIMRC-Alghoribi/2020,1
Canada/MB_2/2020,3
Brazil/SC-766/2020,5
Australia/NSW44/2020,4
Taiwan/NTU04/2020,1
Australia/NSW71/2020,4
Australia/NSW72/2020,4
India/nimh-0318/2020,1
India/nimh-0996/2020,1
India/nimh-1071/2020,1
USA/CA-CZB0145/2020,3
Australia/NSW68/2020,4
SouthAfrica/KRISP_0006/2020,0
Australia/QLDID921/2020,4
Taiwan/TSGH-11/2020,1
Gambia/GC19-026/2020,0
Canada/ON_PHL0141/2020,3
Canada/ON_PHL3459/2020,3
Malaysia/189332/2020,1
Australia/VIC819/2020,4
Malaysia/188407/2020,1
Singapore/56/2020,1
Singapore/61/2020,1
Singapore/58/2020,1
Singapore/70/2020,1
Singapore/71/2020,1
Singapore/57/2020,1
Singapore/66/2020,1
Australia/VIC314/2020,4
Pakistan/Gilgit1/2020,1
Shanghai/SH0081/2020,1
Shandong/IVDC-SD-001/2020,1
Georgia/Tb-1523/2020,1
Turkey/HSGM-5516/2020,2
Australia/WA10/2020,4
Netherlands/Gelderland_8/2020,2
Wuhan/HBCDC-HB-05/2020,1
Netherlands/ZuidHolland_16/2020,2
Shanghai/SH0080/2020,1
Shanghai/SH0126/2020,1
Xinyu/JX124/2020,1
Nanchang/JX155/2020,1
Nanchang/JX176/2020,1
India/1125/2020,1
Shanghai/SH0022/2020,1
Shanghai/SH0023/2020,1
Taiwan/CGMH-CGU-04/2020,1
Taiwan/CGMH-CGU-05/2020,1
Taiwan/CGMH-CGU-07/2020,1
Taiwan/CGMH-CGU-03/2020,1
Taiwan/CGMH-CGU-08/2020,1
Taiwan/CGMH-CGU-06/2020,1
USA/NY1-PV08001/2020,3
Canada/BC_37_0-2/2020,3
India/1111/2020,1
Germany/BavPat2/2020,2
England/200990002/2020,2
Canada/BC_5282984/2020,3
Taiwan/TSGH-13/2020,1
Taiwan/CGMH-CGU-10/2020,1
Taiwan/NTU11/2020,1
Taiwan/TSGH-02/2020,1
Taiwan/CGMH-CGU-11/2020,1
DRC/299/2020,0
India/1652/2020,1
Georgia/Tb-82/2020,1
Kuwait/KU09/2020,1
Australia/NSW09/2020,4
Canada/BC_65034/2020,3
Canada/BC_66353/2020,3
Canada/BC_25211/2020,3
Turkey/HSGM-4598/2020,2
Kuwait/KU12/2020,1
Kuwait/KU18/2020,1
India/1616/2020,1
Turkey/HSGM-8992/2020,2
Norway/1380/2020,2
Australia/VIC846/2020,4
Australia/NSW06/2020,4
Turkey/HSGM-11518/2020,2
Turkey/HSGM-8010/2020,2
Canada/BC_69243/2020,3
Canada/BC_02421/2020,3
Canada/BC_17397/2020,3
Canada/BC_13297/2020,3
Canada/ON_PHL5472/2020,3
Canada/ON_PHL7972/2020,3
Thailand/Bangkok-0039/2020,1
NewZealand/20VR0206/2020,4
Kuwait/KU17/2020,1
Australia/NSW05/2020,4
Australia/VIC878/2020,4
Australia/VIC879/2020,4
Australia/VIC262/2020,4
Australia/VIC406/2020,4
Australia/VIC894/2020,4
Australia/VIC854/2020,4
Canada/ON_PHL3318/2020,3
Germany/NRW-46/2020,2
NewZealand/01/2020,4
Turkey/ERAGEM-001/2020,2
Canada/ON_PHL3917/2020,3
Canada/BC_4143868/2020,3
Canada/BC_4143842/2020,3
England/200960041/2020,2
Australia/NSW34/2020,4
Australia/NSW33/2020,4
Australia/NSW26/2020,4
Australia/NSW66/2020,4
Australia/NSW23/2020,4
Australia/NSW15/2020,4
Australia/NSW07/2020,4
Australia/VIC813/2020,4
Australia/NSW21/2020,4
Australia/QLD09/2020,4
HongKong/HKPU48-0202/2020,1
Sweden/01/2020,2
HongKong/HKPU61-0202/2020,1
Shanghai/SH0098/2020,1
Shanghai/SH0037/2020,1
HongKong/HKPU54-0302/2020,1
HongKong/HKPU2_1801/2020,1
HongKong/HKPU53-0802/2020,1
HongKong/HKPU20_3001/2020,1
Australia/VIC01/2020,4
Taiwan/2/2020,1
Guangdong/20SF753/2020,1
Jian/JX169/2020,1
SouthKorea/KUMC02/2020,1
SouthKorea/KUMC01/2020,1
HongKong/VM20002493/2020,1
HongKong/VM20002582/2020,1
HongKong/VB20024950/2020,1
HongKong/HKPU19_0402/2020,1
HongKong/HKPU86-1802/2020,1
HongKong/HKPU34_3001/2020,1
HongKong/HKPU32_0402/2020,1
HongKong/HKPU41-0802/2020,1
canine/HongKong/20-02756/2020,1
HongKong/HKPU90-1602/2020,1
Canada/BC_35720/2020,3
HongKong/VM20002907/2020,1
HongKong/VM20002868/2020,1
HongKong/HKPU45-0502/2020,1
HongKong/HKPU70-1302/2020,1
HongKong/HKPU84-2502/2020,1
HongKong/HKPU73-0802/2020,1
HongKong/HKPU74-1302/2020,1
HongKong/HKPU65-1202/2020,1
HongKong/HKPU92-1302/2020,1
HongKong/HKPU89-2502/2020,1
HongKong/HKPU83-1702/2020,1
HongKong/HKPU38-3001/2020,1
HongKong/HKPU36-0702/2020,1
HongKong/HKPU27_3001/2020,1
HongKong/HKPU23_2601/2020,1
HongKong/HKPU35_0402/2020,1
HongKong/HKPU30_2901/2020,1
HongKong/HKPU40-2801/2020,1
HongKong/HKPU39-3001/2020,1
HongKong/HKPU43-0202/2020,1
HongKong/HKPU44-0102/2020,1
HongKong/HKPU12_2201/2020,1
Singapore/7/2020,1
Wuhan/WH05/2020,1
USA/CA2/2020,3
Australia/VIC02/2020,4
France/IDF0386-islP1/2020,2
France/IDF0372/2020,2
France/IDF0373/2020,2
Singapore/8/2020,1
Shanghai/SH0040/2020,1
Shanghai/SH0056/2020,1
Singapore/17/2020,1
Australia/VIC03/2020,4
Australia/NSW03/2020,4
HongKong/HKPU49-3001/2020,1
Singapore/5/2020,1
Singapore/9/2020,1
Singapore/10/2020,1
Shanghai/SH0127/2020,1
Korea/KCDC2001/2020,1
Belgium/DVG-0325146/2020,2
HongKong/HKPU17_2201/2020,1
Belgium/DV-0324117/2020,2
Belgium/JJC-0325165/2020,2
Belgium/BJ-0325181/2020,2
Belgium/DMM-0325180/2020,2
Hangzhou/HZCDC0025/2020,1
Hangzhou/ZJU-01/2020,1
Taiwan/TSGH-01/2020,1
Belgium/VPE-030650/2020,2
France/B2334/2020,2
France/B2340/2020,2
Hangzhou/HZCDC0167/2020,1
Norway/1538/2020,2
Iceland/13/2020,2
Norway/1494/2020,2
Norway/1493/2020,2
Norway/1443/2020,2
Norway/1455/2020,2
Italy/SPL1/2020,2
Italy/INMI1-cs/2020,2
Spain/Madrid_H12_34/2020,2
Portugal/PT0040/2020,2
Spain/Valencia11/2020,2
Taiwan/TSGH-06/2020,1
Georgia/Tb-468/2020,1
Georgia/Tb-54/2020,1
Georgia/Tb-537/2020,1
NewZealand/CoV002/2020,4
Australia/VIC342/2020,4
Uruguay/UY-10/2020,5
Australia/VIC808/2020,4
Korea/KCDC2016/2020,1
Korea/KCDC2017/2020,1
USA/WA3-UW1/2020,3
USA/GA_2741/2020,3
Korea/KCDC2019/2020,1
Korea/KCDC2015/2020,1
Korea/BA-ACH_2718/2020,1
Korea/BA-ACH_2719/2020,1
Korea/BA-ACH_2604/2020,1
Australia/VIC586/2020,4
Australia/VIC218/2020,4
DRC/158/2020,0
England/09c/2020,2
England/CAMB-76EB0/2020,2
Germany/NRW-35/2020,2
USA/MN53-MDH53/2020,3
USA/NV_0052/2020,3
Germany/BAV-V2011395/2020,2
England/20146009204/2020,2
Brazil/ES-225/2020,5
England/20100001406/2020,2
England/200940527/2020,2
England/200990725/2020,2
England/200990724/2020,2
England/20102088002/2020,2
Portugal/PT0035/2020,2
Portugal/PT0036/2020,2
Netherlands/NA_21/2020,2
England/SHEF-C002A/2020,2
England/201340120/2020,2
Australia/NT14/2020,4
England/20126007202/2020,2
England/20148044604/2020,2
England/CAMB-73A19/2020,2
England/20144071504/2020,2
England/20130092404/2020,2
Taiwan/TSGH-10/2020,1
Ghana/2230_S4/2020,0
Australia/NSW78/2020,4
Australia/NSW58/2020,4
Portugal/IGC00009/2020,2
Canada/BC_78548/2020,3
England/20148046704/2020,2
England/20148041604/2020,2
Wales/PHWC-268FD/2020,2
DRC/KN-0059/2020,0
England/20126063104/2020,2
England/20130027103/2020,2
England/20134081702/2020,2
Iceland/537/2020,2
Ireland/22901/2020,2
England/20148006904/2020,2
Wales/PHWC-24C99/2020,2
Australia/QLDID929/2020,4
Brazil/MG0102/2020,5
England/20128003104/2020,2
Australia/WA07/2020,4
Scotland/CVR139/2020,2
Spain/Andalucia201272/2020,2
England/20102000106/2020,2
England/200960515/2020,2
USA/OR_5430/2020,3
Poland/Pom1/2020,2
Norway/1379/2020,2
Finland/FIN01032020/2020,2
Finland/FIN-274/2020,2
Finland/FIN03032020B/2020,2
USA/WA-UW-2181/2020,3
USA/ID-UW-3892/2020,3
Russia/StPetersburg-82005/2020,2
USA/UT-00083/2020,3
JOR/SEARCH-0051-JOR/2020,1
JOR/SEARCH-0057-JOR/2020,1
JOR/SEARCH-0037-JOR/2020,1
JOR/SEARCH-0056-JOR/2020,1
Switzerland/1000477102/2020,2
Iceland/275/2020,2
Iceland/202/2020,2
Hangzhou/HZCDC6789/2020,1
USA/NY-NYUMC188/2020,3
USA/FL_9590/2020,3
England/CAMB-77013/2020,2
Netherlands/NA_318/2020,2
Netherlands/NA_29/2020,2
Iceland/480/2020,2
Netherlands/Utrecht_18/2020,2
Brazil/SPBR-02/2020,5
USA/WA-UW275/2020,3
USA/CT-UW-3845/2020,3
Singapore/27/2020,1
JOR/SEARCH-0053-JOR/2020,1
JOR/SEARCH-0042-JOR/2020,1
JOR/SEARCH-0035-JOR/2020,1
Scotland/EDB053/2020,2
Scotland/EDB533/2020,2
Scotland/EDB530/2020,2
Scotland/CVR125/2020,2
USA/AZ-TG268188/2020,3
Luxembourg/LNS0591129/2020,2
USA/AK-PHL037/2020,3
USA/AK-PHL015/2020,3
USA/VA-DCLS-0051/2020,3
USA/VA-DCLS-0056/2020,3
SouthAfrica/KRISP_0002/2020,0
Australia/NSW84/2020,4
England/20102087902/2020,2
England/20129010204/2020,2
Taiwan/NTU06/2020,1
Luxembourg/LNS7841004/2020,2
England/NOTT-10EA8B/2020,2
USA/MA_1355/2020,3
Brazil/SPBR-10/2020,5
Belgium/VRJM-0323114/2020,2
Belgium/VHV-0324118/2020,2
Belgium/SR-0319112/2020,2
Belgium/MNL-0324130/2020,2
Belgium/DME-0324135/2020,2
Netherlands/NoordBrabant_23/2020,2
Netherlands/NoordBrabant_56/2020,2
Netherlands/NA_35/2020,2
Netherlands/NoordBrabant_22/2020,2
Netherlands/ZuidHolland_38/2020,2
Netherlands/NA_295/2020,2
Netherlands/NA_298/2020,2
England/200990006/2020,2
Belgium/UGent-9/2020,2
England/20142022104/2020,2
Netherlands/NoordBrabant_6/2020,2
Wales/PHWC-2620E/2020,2
Luxembourg/LNS0641910/2020,2
Wales/PHWC-24F27/2020,2
Belgium/HAA-030953/2020,2
Spain/Madrid_LP14_3/2020,2
Portugal/PT0020/2020,2
Australia/NSW52/2020,4
England/NOTT-10E06B/2020,2
Taiwan/CGMH-CGU-09/2020,1
Netherlands/NA_55/2020,2
Netherlands/NA_27/2020,2
USA/NY-WCMP12G03P/2020,3
Netherlands/ZuidHolland_81/2020,2
Netherlands/NA_34/2020,2
Netherlands/NA_60/2020,2
Luxembourg/LNS0945359/2020,2
Luxembourg/LNS1870254/2020,2
USA/CT-Yale-055/2020,3
Netherlands/NA_238/2020,2
Netherlands/NoordBrabant_37/2020,2
Netherlands/NoordBrabant_25/2020,2
Netherlands/NA_14/2020,2
Ireland/24042/2020,2
Netherlands/NA_144/2020,2
Scotland/CVR222/2020,2
England/20134004304/2020,2
Scotland/CVR130/2020,2
Shanghai/SH0107/2020,1
Shanghai/SH0114/2020,1
Shanghai/SH0066/2020,1
Shanghai/SH0109/2020,1
India/1-27/2020,1
Guangdong/20SF632/2020,1
Guangdong/20SF840/2020,1
Shanghai/SH0048/2020,1
Guangzhou/GZMU0017/2020,1
Shanghai/SH0091/2020,1
Shanghai/SH0072/2020,1
Shanghai/SH0011/2020,1
Fujian/13/2020,1
USA/WI1/2020,3
Australia/VIC14/2020,4
Foshan/20SF211/2020,1
Singapore/11/2020,1
Shenzhen/SZTH-003/2020,1
Foshan/20SF207/2020,1
Scotland/CVR632/2020,2
Guangdong/20SF190/2020,1
USA/MA1/2020,3
Guangdong/20SF316/2020,1
Shanghai/SH0058/2020,1
USA/CA3/2020,3
USA/CA4/2020,3
Shanghai/SH0050/2020,1
Canada/ON-VIDO-01/2020,3
Canada/ON-PHL2445/2020,3
Canada/ON_PHL4181/2020,3
Wuhan-Hu-1/2019,1
Wuhan/WIV06/2019,1
Wuhan/WIV04/2019,1
Jiangsu/JS01/2020,1
Shanghai/SH0031/2020,1
Guangdong/2020XN4239-P0034/2020,1
Wuhan/WH03/2020,1
Jiangxi/IVDC-JX-002/2020,1
Pingxiang/JX5/2020,1
Hangzhou/ZJU-09/2020,1
Hangzhou/ZJU-011/2020,1
Shanghai/SH0060/2020,1
Belgium/MSE-0324121/2020,2
Netherlands/Flevoland_2/2020,2
Sweden/RV-FOI-1/2020,2
Beijing/Wuhan_IME-BJ05/2020,1
Guangdong/20SF262/2020,1
Guangdong/20SF156/2020,1
Malaysia/MKAK-CL-2020-7554/2020,1
Zhejiang/WZ-02/2020,1
Nonthaburi/74/2020,1
Singapore/1/2020,1
Guangdong/20SF273/2020,1
Netherlands/NoordBrabant_60/2020,2
Taiwan/8/2020,1
Taiwan/5/2020,1
Guangdong/20SF808/2020,1
Hangzhou/HZCDC0001/2020,1
Jiangsu/IVDC-JS-001/2020,1
Chongqing/ZX01/2020,1
Japan/OS-20-07-1/2020,1
Jiangsu/JS03/2020,1
Hangzhou/HZCDC0162/2020,1
Hangzhou/ZJU-04/2020,1
Hangzhou/HZ185/2020,1
Hangzhou/HZ178/2020,1
Hangzhou/HZ162/2020,1
China/WH-09/2020,1
Guangzhou/GZMU0030/2020,1
Wuhan/HBCDC-HB-03/2019,1
Wuhan/IPBCAMS-WH-02/2019,1
Wuhan/IPBCAMS-WH-04/2019,1
Wuhan/IVDC-HB-01/2019,1
Wuhan/WHU01/2020,1
Wuhan/WHU02/2020,1
Nonthaburi/61/2020,1
Taiwan/CGMH-CGU-01/2020,1
USA/CA-SCCPHD-UC16/2020,3
USA/CA-SCCPHD-UC14/2020,3
USA/CA-SCCPHD-UC13/2020,3
USA/WI-209/2020,3
USA/CA-SCCPHD-UC34/2020,3
USA/WI-177/2020,3
USA/WI-234/2020,3
USA/WI-221/2020,3
USA/WI-254/2020,3
USA/WI-244/2020,3
USA/WI-193/2020,3
USA/WI-208/2020,3
USA/WI-202/2020,3
USA/WI-240/2020,3
USA/WI-243/2020,3
USA/WI-169/2020,3
USA/WI-171/2020,3
Guangdong/20SF822/2020,1
Guangdong/GDFS2020052-P0025/2020,1
Guangdong/GDFS2020054-P0005/2020,1
Shangrao/JX1974/2020,1
Taiwan/CGMH-CGU-02/2020,1
Jiangsu/JS02/2020,1
Shanghai/SH0008/2020,1
Guangzhou/GZMU0058/2020,1
USA/CA5/2020,3
Guangdong/20SF040/2020,1
Guangzhou/GZMU0051/2020,1
Guangzhou/GZMU0055/2020,1
Guangzhou/GZMU0033/2020,1
Guangzhou/GZMU0013/2020,1
Guangzhou/GZMU0003/2020,1
Guangdong/20SF028/2020,1
Guangzhou/GZMU0059/2020,1
Shangrao/JX1215/2020,1
Guangzhou/GZMU0009/2020,1
Guangzhou/GZMU0057/2020,1
Guangzhou/GZMU0035/2020,1
Guangzhou/GZMU0036/2020,1
Guangdong/20SF014/2020,1
Zhejiang/WZ-01/2020,1
Pingxiang/JX151/2020,1
Cambodia/0012/2020,1
Vietnam/19-01S/2020,1
Vietnam/19-02S/2020,1
Fuyang/FY002/2020,1
Guangdong/FS-S48-P0047/2020,1
Guangdong/FS-S42-P0046/2020,1
Guangdong/ZH-S33-P0058/2020,1
Guangdong/FS-S50-P0053/2020,1
Singapore/34/2020,1
Guangdong/JM-S1-P0062/2020,1
Guangdong/MM-S1-P0048/2020,1
Hangzhou/ZJU-03/2020,1
Malaysia/MKAK-CL-2020-5045/2020,1
Malaysia/MKAK-CL-2020-5049/2020,1
Singapore/2/2020,1
Singapore/6/2020,1
Singapore/36/2020,1
Malaysia/MKAK-CL-2020-5047/2020,1
Hangzhou/HZCDC0091L/2020,1
Hangzhou/HZCDC0048/2020,1
Hangzhou/HZCDC0090L/2020,1
Hangzhou/HZCDC0049L/2020,1
Hangzhou/HZCDC0048L/2020,1
Hangzhou/HZ90/2020,1
Hangzhou/HZ48/2020,1
Hangzhou/HZ91/2020,1
Hangzhou/HZCDC0119/2020,1
Hangzhou/HZCDC0135/2020,1
Hangzhou/ZJU-05/2020,1
Hangzhou/HZ60/2020,1
Hangzhou/HZ49/2020,1
Hangzhou/HZ79/2020,1
Hangzhou/HZCDC0090/2020,1
USA/IL1/2020,3
Nepal/61/2020,1
HongKong/HKPU6_2101/2020,1
HongKong/VB20017970/2020,1
Shanghai/SH0110/2020,1
England/SHEF-C0576/2020,2
England/20129142604/2020,2
England/SHEF-BFFC7/2020,2
Guangdong/20SF616/2020,1
Hangzhou/ZJU-010/2020,1
Taiwan/NTU02/2020,1
Hangzhou/HZ62/2020,1
Hangzhou/HZ576/2020,1
Shanghai/SH0121/2020,1
Shanghai/SH0028/2020,1
Shangrao/JX1178/2020,1
Australia/NSW101/2020,4
USA/CA_2602/2020,3
Hangzhou/HZ481/2020,1
Japan/NA-20-05-1/2020,1
Australia/NSW10/2020,4
Australia/NSW08/2020,4
Australia/NSW219/202,4
Hangzhou/HZCDC0091/2020,1
Hangzhou/HZ-1/2020,1
Wales/PHWC-26435/2020,2
Taiwan/NTU07/2020,1
Hangzhou/HZ638/2020,1
Portugal/PT0015/2020,2
England/SHEF-BFD36/2020,2
England/NOTT-10E03E/2020,2
England/SHEF-BFE9D/2020,2
USA/NV_0016/2020,3
Shanghai/SH0073/2020,1
Taiwan/4/2020,1
Shanghai/SH0119/2020,1
England/200690300/2020,2
England/200690245/2020,2
England/200690756/2020,2
SouthKorea/KCDC12/2020,1
Korea/KCDC2004/2020,1
Singapore/35/2020,1
England/200641094/2020,2
France/Lyon_06573/2020,2
Netherlands/ZuidHolland_47/2020,2
Netherlands/Utrecht_12/2020,2
Netherlands/ZuidHolland_7/2020,2
Netherlands/Limburg_6/2020,2
Netherlands/Gelderland_9/2020,2
Ecuador/HEE-01/2020,5
Netherlands/Utrecht_19/2020,2
Australia/QLDID928/2020,4
Netherlands/NoordBrabant_35/2020,2
Netherlands/NoordBrabant_30/2020,2
Netherlands/NoordBrabant_10/2020,2
Netherlands/NoordBrabant_12/2020,2
Netherlands/NoordBrabant_92/2020,2
Netherlands/NoordBrabant_97/2020,2
Netherlands/Oss_1363500/2020,2
Netherlands/Nieuwendijk_1363582/2020,2
Netherlands/Gelderland_10/2020,2
Netherlands/Naarden_1364774/2020,2
Netherlands/NA_22/2020,2
Netherlands/ZuidHolland_63/2020,2
Belgium/UGent-10/2020,2
Portugal/PT0041/2020,2
NewZealand/CoV001/2020,4
England/SHEF-C087D/2020,2
Netherlands/NoordBrabant_77/2020,2
Netherlands/NA_32/2020,2
Netherlands/NA_313/2020,2
Scotland/EDB012/2020,2
Netherlands/NA_33/2020,2
Finland/14M82/2020,2
Netherlands/Tilburg_1363354/2020,2
Netherlands/ZuidHolland_48/2020,2
Netherlands/Dalen_1363624/2020,2
Netherlands/NoordBrabant_52/2020,2
Netherlands/NA_70/2020,2
Netherlands/NoordBrabant_24/2020,2
USA/MN2-MDH2/2020,3
Netherlands/ZuidHolland_85/2020,2
Netherlands/NoordBrabant_19/2020,2
Netherlands/Loon_op_zand_1363512/2020,2
USA/UT-00099/2020,3
Belgium/UGent-3/2020,2
Belgium/UGent-11/2020,2
Belgium/UGent-17/2020,2
Belgium/UGent-19/2020,2
Belgium/UGent-15/2020,2
Belgium/UGent-21/2020,2
Belgium/UGent-1/2020,2
Belgium/UGent-20/2020,2
Belgium/UGent-18/2020,2
Netherlands/NA_180/2020,2
Netherlands/NA_181/2020,2
Netherlands/NA_252/2020,2
Netherlands/NA_193/2020,2
Netherlands/NoordBrabant_68/2020,2
Russia/StPetersburg-73603/2020,2
Netherlands/NA_68/2020,2
Slovakia/SK-BMC6/2020,2
Netherlands/NoordBrabant_44/2020,2
Netherlands/NA_80/2020,2
Netherlands/Gelderland_5/2020,2
Netherlands/NoordBrabant_72/2020,2
France/IDF0626/2020,2
Guangdong/GD2020115-P0009/2020,1
Guangdong/20SF665/2020,1
USA/CA6/2020,3
HongKong/HKPU60-0802/2020,1
Belgium/SJ-030583/2020,2
Belgium/AC-030982/2020,2
Denmark/ALAB-SSI461/2020,2
Denmark/ALAB-HH88/2020,2
Singapore/25/2020,1
Singapore/29/2020,1
Singapore/26/2020,1
Finland/1/2020,2
Guangdong/GDSZ202008-P0020/2020,1
Korea/KCDC2007/2020,1
Korea/KCDC2005/2020,1
England/200690306/2020,2
France/RA739/2020,2
HongKong/HKPU66-2501/2020,1
Singapore/50/2020,1
Singapore/24/2020,1
Canada/ON_PHL7512/2020,3
Ireland/Cork2/2020,2
USA/IL_1293/2020,3
USA/IL_1375/2020,3
Scotland/CVR16/2020,2
Scotland/EDB191/2020,2
Australia/NSW173/2020,4
Sweden/20-50125/2020,2
USA/CA-UCSF-UC33/2020,3
USA/CA-CZB0458/2020,3
Iceland/431/2020,2
Singapore/33/2020,1
Yunnan/0306-466/2020,1
USA/CA-UCSF-UC32/2020,3
USA/CA-SCCPHD-UC15/2020,3
USA/CA-CZB095/2020,3
USA/WI-256/2020,3
Scotland/EDB266/2020,2
England/20144064004/2020,2
Scotland/EDB045/2020,2
England/NOTT-10EA03/2020,2
Hangzhou/HZ477/2020,1
Hangzhou/HZ551/2020,1
Shanghai/SH0044/2020,1
Shanghai/SH0101/2020,1
Shanghai/SH0102/2020,1
USA/CA-CDPH-UC2/2020,3
USA/CA-CDPH-UC3/2020,3
USA/CA-CDPH-UC4/2020,3
USA/CA9/2020,3
Scotland/CVR268/2020,2
Scotland/CVR120/2020,2
Scotland/EDB185/2020,2
Poland/PL_P1/2020,2
Germany/NRW-09/2020,2
Germany/NRW-10/2020,2
Netherlands/NA_6/2020,2
Germany/NRW-50/2020,2
Canada/NS_32/2020,3
Taiwan/TSGH-09/2020,1
England/20132079304/2020,2
England/20148002104/2020,2
England/20146001704/2020,2
Australia/VIC869/2020,4
Germany/NRW-04/2020,2
Germany/NRW-07/2020,2
Germany/NRW-08/2020,2
Netherlands/Limburg_4/2020,2
Germany/NRW-01/2020,2
Canada/ON_PHL5694/2020,3
Denmark/ALAB-SSI228/2020,2
Denmark/ALAB-SSI293/2020,2
Finland/14M74/2020,2
USA/UT-00010/2020,3
England/20146049204/2020,2
Sweden/20-08142/2020,2
Austria/CeMM0002/2020,2
Germany/NRW-03/2020,2
Germany/NRW-02-1/2020,2
Germany/NRW-05/2020,2
Germany/BAV-V2011463/2020,2
Belgium/CG-030158/2020,2
Brazil/SPBR-11/2020,5
Belgium/ULG-10052/2020,2
Netherlands/Gelderland_11/2020,2
Belgium/Human/CS-031052/2020,2
Germany/NRW-06/2020,2
Belgium/MJP-0306100/2020,2
USA/IL-UW349/2020,3
Belgium/ULG-10028/2020,2
Belgium/ULG-10032/2020,2
Belgium/ULG-7626/2020,2
Senegal/306/2020,0
Germany/NRW-17/2020,2
Germany/NRW-14/2020,2
Germany/NRW-16/2020,2
Belgium/ULG-10088/2020,2
Belgium/ULG-10089/2020,2
Belgium/ULG-10095/2020,2
Belgium/ULG-10096/2020,2
USA/NE_6605/2020,3
USA/NE_7025/2020,3
Wales/PHWC-23CE5/2020,2
Wales/PHWC-25797/2020,2
Wales/PHWC-240F7/2020,2
Wales/PHWC-242C4/2020,2
Wales/PHWC-25427/2020,2
Wales/PHWC-25481/2020,2
Wales/PHWC-26D85/2020,2
Wales/PHWC-25102/2020,2
Wales/PHWC-24ABD/2020,2
Wales/PHWC-24ADB/2020,2
Wales/PHWC-240D9/2020,2
Wales/PHWC-24956/2020,2
Wales/PHWC-24A35/2020,2
Wales/PHWC-23FFB/2020,2
Wales/PHWC-26A7F/2020,2
Wales/PHWC-255E8/2020,2
Singapore/12/2020,1
Singapore/12Clin/2020,1
Singapore/16/2020,1
Singapore/15/2020,1
Singapore/13/2020,1
Turkey/HSGM-5770/2020,2
Singapore/21/2020,1
Singapore/14/2020,1
Singapore/18/2020,1
Singapore/19/2020,1
Spain/Andalucia201373/2020,2
Singapore/22/2020,1
Singapore/23/2020,1
Singapore/30/2020,1
Singapore/51/2020,1
Shanghai/SH0034/2020,1
Wuhan/HBCDC-HB-06/2020,1
Australia/VIC13/2020,4
Nanchang/JX90/2020,1
Shanghai/SH0030/2020,1
Tianmen/HBCDC-HB-07/2020,1
Beijing/Wuhan_IME-BJ07/2020,1
Wuhan/HBCDC-HB-04/2020,1
Shanghai/SH0010/2020,1
Shanghai/SH0069/2020,1
Shangrao/JX105/2020,1
Shanghai/SH0041/2020,1
Guangdong/20SF1107/2020,1
Spain/Madrid_R2_15/2020,2
Wuhan/HBCDC-HB-02/2020,1
Shanghai/SH0075/2020,1
Nanchang/JX14/2020,1
Guangdong/2020XN4475-P0042/2020,1
India/1-31/2020,1
England/01/2020,2
England/02/2020,2
Shanghai/SH0115/2020,1
Nanchang/JX39/2020,1
Yunnan/IVDC-YN-003/2020,1
Shanghai/SH0100/2020,1
SouthKorea/KCDC24/2020,1
Anhui/SZ005/2020,1
Nanchang/JX177/2020,1
Korea/KCDC2003/2020,1
Korea/KCDC2002/2020,1
SouthKorea/KCDC05/2020,1
Shandong/LY003/2020,1
Shandong/LY005/2020,1
Shandong/LY006/2020,1
Shandong/LY004/2020,1
Shandong/LY008/2020,1
Beijing/233/2020,1
Beijing/Wuhan_IME-BJ04/2020,1
Korea/KCDC2006/2020,1
SouthKorea/KCDC07/2020,1
Korea/KCDC2011/2020,1
Korea/KCDC2010/2020,1
Korea/KCDC2008/2020,1
Korea/KCDC2009/2020,1
Beijing/235/2020,1
Beijing/105/2020,1
Beijing/231/2020,1
SouthKorea/KCDC03/2020,1
Beijing/Wuhan_IME-BJ03/2020,1
Beijing/Wuhan_IME-BJ02/2020,1
SouthKorea/KCDC06/2020,1
Korea/KCDC2018/2020,1
SouthKorea/KUMC06/2020,1
SouthKorea/KUMC04/2020,1
SouthKorea/KUMC05/2020,1
SouthKorea/KUMC03/2020,1
Beijing/Wuhan_IME-BJ01/2020,1
USA/TX1/2020,3
Guangdong/SZ-N128-P0057/2020,1
Australia/NSW04/2020,4
USA/AZ1/2020,3
Shanghai/SH0059/2020,1
Guangdong/2020XN4291-P0038/2020,1
Guangzhou/GZMU0042/2020,1
Guangzhou/GZMU0050/2020,1
Japan/TY-WK-501/2020,1
Japan/TY-WK-521/2020,1
Japan/TY-WK-012/2020,1
Japan/UT-NCGM02/2020,1
Guangdong/20SF013/2020,1
Shanghai/SH0004/2020,1
Nanchang/JX174/2020,1
Guangdong/2020XN4276-P0037/2020,1
Shanghai/SH0074/2020,1
Shanghai/SH0005/2020,1
Germany/BavPat3/2020,2
Guangdong/20SF4051/2020,1
Shanghai/SH0035/2020,1
Australia/QLD02/2020,4
Australia/VIC07/2020,4
Australia/QLD03/2020,4
Shanghai/SH0003/2020,1
Australia/QLD01/2020,4
Singapore/4/2020,1
Australia/QLD04/2020,4
USA/CA7/2020,3
USA/CT-UW158/2020,3
USA/CT-UW303/2020,3
Australia/NSW92/2020,4
USA/CT-Yale-088/2020,3
DRC/300/2020,0
Ghana/3176_S11/2020,0
Senegal/618/2020,0
Russia/Kabardino-Balkaria-80503/2020,2
Russia/Kabardino-Balkaria-80501/2020,2
Netherlands/Utrecht_17/2020,2
Netherlands/Utrecht_16/2020,2
USA/WI-149/2020,3
USA/WI-51/2020,3
USA/WI-96/2020,3
USA/WI-129/2020,3
USA/WI-146/2020,3
Shanghai/SH0002/2020,1
Guangdong/2020XN4243-P0035/2020,1
Ghana/2828_S6/2020,0
Ghana/1651_S3/2020,0
Ghana/2850_S15/2020,0
Ghana/3177_S12/2020,0
Senegal/620/2020,0
NewZealand/20VR0276/2020,4
Guangdong/20SF254/2020,1
Shanghai/SH0017/2020,1
Sichuan/IVDC-SC-001/2020,1
USA/CA1/2020,3
HongKong/VM20001061/2020,1
HongKong/XM-PII-S4/2020,1
HongKong/HKPU1_2101/2020,1
Vietnam/CM99/2020,1
Guangdong/GZ-S6-P0050/2020,1
Shanghai/SH0049/2020,1
Vietnam/VR03-38142/2020,1
Vietnam/38142/2020,1
Korea/KCDC2014/2020,1
Korea/KCDC2013/2020,1
Korea/KCDC2012/2020,1
USA/IL2/2020,3
USA/SC_3571/2020,3
USA/WI-GMF-00049/2020,3
USA/SC_3575/2020,3
Taiwan/NTU13/2020,1
USA/OH-OSUP0016/2020,3
USA/WI-126/2020,3
USA/WI-143/2020,3
USA/VA-DCLS-0070/2020,3
USA/VA-DCLS-0071/2020,3
USA/GA_2343/2020,3
USA/GA_1320/2020,3
USA/SC_6370/2020,3
USA/GA_2118/2020,3
USA/GA_1445/2020,3
USA/SC_3569/2020,3
USA/GA_2070/2020,3
USA/SC_3570/2020,3
USA/SC_3520/2020,3
USA/GA_1847/2020,3
USA/WI-218/2020,3
Australia/NT18/2020,4
Scotland/CVR113/2020,2
USA/CT-UW260/2020,3
USA/FL_9655/2020,3
Australia/NSW215/2020,4
NewZealand/20VR0275/2020,4
USA/UT-00288/2020,3
USA/AZ-TG271435/2020,3
Australia/VIC886/2020,4
Australia/VIC669/2020,4
Australia/VIC836/2020,4
Australia/VIC875/2020,4
Spain/PaisVasco201602/2020,2
France/GE1583/2020,2
Brazil/RJ-352/2020,5
Spain/Valencia14/2020,2
Spain/Valencia6/2020,2
Spain/CastillayLeon201437/2020,2
Spain/Valencia68/2020,2
Spain/Valencia20/2020,2
Spain/Valencia24/2020,2
Netherlands/NoordBrabant_46/2020,2
Spain/PaisVasco201493/2020,2
Georgia/Tb-390/2020,1
Spain/Valencia67/2020,2
Spain/Valencia28/2020,2
Brazil/AMBR-02/2020,5
Spain/Valencia29/2020,2
Spain/Valencia58/2020,2
Spain/Valencia74/2020,2
Greece/16/2020,2
Spain/Madrid_H12_28/2020,2
Spain/Madrid_H12_29/2020,2
Brazil/RJ0113/2020,5
Senegal/136/2020,0
Spain/Madrid_H12_36/2020,2
Australia/VIC891/2020,4
USA/AZ-TG271862/2020,3
Australia/NSW189/2020,4
Australia/NSW207/2020,4
Australia/VIC585/2020,4
Australia/VIC890/2020,4
Australia/NSW177/2020,4
Australia/VIC791/2020,4
Australia/NSW183/2020,4
Australia/NSW181/2020,4
Australia/NSW187/2020,4
Australia/NT08/2020,4
Spain/Valencia21/2020,2
Mexico/CDMX-INCMNSZ_02/2020,3
Spain/Valencia23/2020,2
Spain/PaisVasco201382/2020,2
Portugal/PT0042/2020,2
Spain/Valencia4/2020,2
Spain/CastillayLeon201323/2020,2
Spain/Madrid_H9_38/2020,2
Spain/Valencia5/2020,2
Spain/LaRioja201575/2020,2
Chile/Santiago-1/2020,5
Spain/Valencia54/2020,2
Spain/CastillayLeon201372/2020,2
Spain/PaisVasco201607/2020,2
Chile/Santiago_op3d1/2020,5
Chile/Santiago_op2d1/2020,5
Spain/Valencia18/2020,2
Chile/Santiago_op4d1/2020,5
Spain/Valencia60/2020,2
Spain/Valencia62/2020,2
Spain/Valencia55/2020,2
Spain/Valencia61/2020,2
Spain/Valencia3/2020,2
Spain/Canarias201495/2020,2
Spain/Valencia38/2020,2
Spain/Valencia35/2020,2
Spain/Valencia27/2020,2
Spain/Valencia31/2020,2
Spain/Valencia89/2020,2
Netherlands/Limburg_9/2020,2
Netherlands/NoordBrabant_76/2020,2
Spain/Valencia12/2020,2
Malaysia/MKAK-CL-2020-5096/2020,1
Thailand/Bangkok-0025/2020,1
Thailand/Bangkok-0035/2020,1
Thailand/Bangkok-0030/2020,1
Thailand/Bangkok-0026/2020,1
Thailand/Bangkok-0028/2020,1
Thailand/Bangkok-0019/2020,1
Thailand/Bangkok-0040/2020,1
Thailand/Bangkok-0029/2020,1
Thailand/Bangkok-0041/2020,1
Thailand/Bangkok-0034/2020,1
Thailand/Bangkok-0037/2020,1
Wuhan/WH04/2020,1
Guangdong/GD2020233-P0027/2020,1
Guangdong/20SF117/2020,1
Shanghai/SH0021/2020,1
Australia/NSW01/2020,4
Wuhan/HBCDC-HB-03/2020,1
Shanghai/SH0009/2020,1
Shangrao/JX29/2020,1
Jiujiang/JX22/2020,1
Hangzhou/ZJU-02/2020,1
Taiwan/3/2020,1
Nanchang/JX149/2020,1
Guangdong/20SF685/2020,1
Guangzhou/GZMU0056/2020,1
Shanghai/SH0024/2020,1
Guangzhou/GZMU0045/2020,1
Taiwan/NTU01/2020,1
Nanchang/JXN3T4/2020,1
Guangzhou/GZMU0048/2020,1
Singapore/43/2020,1
Singapore/14Clin/2020,1
Lishui/LS559/2020,1
Guangzhou/GZMU0008/2020,1
Guangzhou/GZMU0041/2020,1
Lishui/LS557/2020,1
Belgium/GHB-03021/2020,2
Guangdong/GDSZ202015-P0019/2020,1
Shanghai/SH0065/2020,1
Shanghai/SH0013/2020,1
Shanghai/SH0043/2020,1
Guangdong/2020XN4459-P0041/2020,1
Shangrao/JX1948/2020,1
Ganzhou/JX81/2020,1
Guangdong/20SF2546/2020,1
Xinyu/JX122/2020,1
Spain/Madrid_R5_8/2020,2
Spain/Madrid_H12_35/2020,2
Spain/Madrid_H12_13/2020,2
Spain/Madrid_LP22_5885/2020,2
Spain/CastillaLaMancha201328/2020,2
Spain/Valencia92/2020,2
Spain/CastillaLaMancha201329/2020,2
Spain/Valencia94/2020,2
Australia/VIC138/2020,4
JOR/SEARCH-0039-JOR/2020,1
Mexico/Queretaro-InDRE_04/2020,3
Spain/Andalucia201617/2020,2
USA/MI-SC2-0004/2020,3
Chile/Talca-1/2020,5
Chile/Talca-2/2020,5
Germany/NRW-39/2020,2
Mexico/EdoMex-InDRE_03/2020,3
Colombia/Antioquia79256/2020,5
Uruguay/UY-5/2020,5
Uruguay/UY-6/2020,5
Uruguay/UY-1/2020,5
Uruguay/UY-2/2020,5
Uruguay/UY-9/2020,5
Uruguay/UY-4/2020,5
Chongqing/YC01/2020,1
Singapore/20/2020,1
Guangdong/GD2020086-P0021/2020,1
USA/WA1/2020,3
Fujian/8/2020,1
Guangdong/20SF118/2020,1
Hangzhou/ZJU-08/2020,1
Malaysia/MKAK-CL-2020-6430/2020,1
Guangdong/FS-S30-P0052/2020,1
Canada/BC_8606204/2020,3
Canada/BC_8159203/2020,3
Canada/BC_3972884/2020,3
Canada/BC_4118226/2020,3
Canada/BC_4540462/2020,3
Canada/BC_8896915/2020,3
Canada/BC_7277381/2020,3
Canada/BC_8894200/2020,3
USA/MI-SC2-0003/2020,3
USA/WA-S94/2020,3
USA/WA-UW216/2020,3
USA/CA-CDPH-UC1/2020,3
USA/WA-UW126/2020,3
USA/WA-UW217/2020,3
USA/WA-S41/2020,3
USA/WA-S243/2020,3
USA/WA_0418/2020,3
USA/WI-91/2020,3
USA/CA-CDPH-UC23/2020,3
USA/WA-UW309/2020,3
Australia/VIC288/2020,4
USA/WA-UW-1919/2020,3
USA/WA-UW-4281/2020,3
USA/OR-UW-1937/2020,3
USA/IL-UW381/2020,3
USA/WA-S113/2020,3
USA/WA-S119/2020,3
USA/WA-S257/2020,3
USA/WA-S8/2020,3
USA/CA-CDPH-UC6/2020,3
USA/CA-CDPH-UC5/2020,3
Canada/BC_8150537/2020,3
USA/AZ-TG268913/2020,3
USA/WA-UW-1587/2020,3
USA/WA-S106/2020,3
USA/WA-UW-5144/2020,3
USA/WA-UW-5152/2020,3
USA/MN59-MDH59/2020,3
USA/WA-UW101/2020,3
USA/MN3-MDH3/2020,3
USA/UT-00020/2020,3
Canada/BC_6502001/2020,3
Canada/BC_3842755/2020,3
USA/HI_7881/2020,3
Canada/BC_83163/2020,3
Canada/BC_41851/2020,3
Canada/BC_83109/2020,3
USA/WA-S97/2020,3
USA/WA-S96/2020,3
USA/WA-S30/2020,3
USA/WA-S95/2020,3
Australia/WA04/2020,4
USA/WY-WYPHL001/2020,3
USA/WY-WYPHL012/2020,3
USA/WY-WYPHL011/2020,3
USA/CA-CZB0151/2020,3
USA/CA-CZB0154/2020,3
USA/CA-CZB011/2020,3
USA/CA-CZB099/2020,3
USA/AZ-TG268903/2020,3
USA/OR-UW-1849/2020,3
USA/WA-S89/2020,3
USA/WA-S90/2020,3
USA/WA9-UW6/2020,3
USA/WA2/2020,3
USA/WA-S42/2020,3
USA/WA-S47/2020,3
USA/WA-S48/2020,3
USA/CA-CDPH-UC30/2020,3
USA/FL_9656/2020,3
USA/CA-CDPH-UC7/2020,3
USA/CA-CDPH-UC9/2020,3
USA/CA-CDPH-UC11/2020,3
USA/CA-CDPH-UC8/2020,3
USA/CT-Yale-008/2020,3
USA/CT-Yale-007/2020,3
Canada/ON_PHL1083/2020,3
Canada/NL_34/2020,3
Canada/ON_PHL3877/2020,3
Canada/PE_3/2020,3
Canada/ON_PHL5710/2020,3
Canada/ON_PHL0178/2020,3
Canada/MB_8/2020,3
Canada/ON_PHL5705/2020,3
Canada/ON_PHL3802/2020,3
Canada/ON_PHL8580/2020,3
Iceland/195/2020,2
Canada/ON_PHL0052/2020,3
USA/IL-UW-1265/2020,3
Australia/VIC662/2020,4
Uruguay/UY-6-2/2020,5
Uruguay/UY-8/2020,5
Canada/MB_38/2020,3
Mexico/CDMX-InDRE_06/2020,3
Mexico/CDMX-INER_05/2020,3
Mexico/CDMX-INCMNSZ_04/2020,3
Mexico/CDMX-INCMNSZ_03/2020,3
Mexico/CDMX-INCMNSZ_01/2020,3
USA/WY-WYPHL018/2020,3
Australia/WA09/2020,4
Iceland/445/2020,2
Australia/VIC118/2020,4
USA/NJ-NYUMC111/2020,3
Australia/QLDID919/2020,4
USA/MN26-MDH26/2020,3
Canada/BC_0443574/2020,3
USA/WA-S2/2020,3
USA/CA-CDPH-UC20/2020,3
USA/WA-S77/2020,3
Canada/BC_64686/2020,3
USA/WA-S102/2020,3
USA/WA-S103/2020,3
USA/WA-S44/2020,3
USA/WA-S40/2020,3
USA/WA-S234/2020,3
USA/WA-S105/2020,3
USA/WA4-UW2/2020,3
USA/WA-S99/2020,3
USA/WA-S277/2020,3
USA/WA-S43/2020,3
USA/WA-S130/2020,3
USA/OR-UW-1851/2020,3
USA/WA-S84/2020,3
USA/CT-Yale-034/2020,3
USA/WA-S299/2020,3
USA/CT-Yale-057/2020,3
Canada/BC_0554880/2020,3
Canada/ON_PHL0142/2020,3
USA/VA-DCLS-0003/2020,3
USA/VA-DCLS-0004/2020,3
USA/VA-DCLS-0002/2020,3
USA/CA-CZB0746/2020,3
USA/CT-Yale-080/2020,3
USA/CA-CZB0109/2020,3
USA/WA-UW-1984/2020,3
USA/VA_6382/2020,3
USA/AZ_8135/2020,3
USA/UT-00012/2020,3
USA/CT-Yale-003/2020,3
USA/WA-S235/2020,3
USA/WA-S55/2020,3
USA/WA-S281/2020,3
USA/WA-S46/2020,3
USA/WA-S6/2020,3
USA/WA-S98/2020,3
USA/WA-S93/2020,3
USA/WA-S45/2020,3
USA/WA-S115/2020,3
USA/WI-59/2020,3
USA/CA-CZB017/2020,3
USA/WA-S16/2020,3
USA/WA-S61/2020,3
USA/WA-UW18/2020,3
USA/WA-UW89/2020,3
USA/VA-DCLS-0011/2020,3
USA/CA-CZB090/2020,3
USA/CA-CZB0133/2020,3
USA/NE-886/2020,3
USA/WI-167/2020,3
USA/CA-CZB036/2020,3
USA/MN64-MDH64/2020,3
Canada/BC_8622445/2020,3
USA/CA-CZB039/2020,3
USA/IL_0089/2020,3
USA/WA-UW56/2020,3
USA/CA-CDPH-UC28/2020,3
USA/IL-UW350/2020,3
Canada/BC_6981299/2020,3
Australia/QLDID931/2020,4
USA/UN-UW382/2020,3
USA/AZ-ASU2922/2020,3
USA/NC_6999/2020,3
USA/WA-S287/2020,3
USA/DC_0004/2020,3
USA/CA-CZB0141/2020,3
USA/CA-CZB0726/2020,3
USA/CA-CZB0110/2020,3
USA/AZ-TG271854/2020,3
USA/OR-UW-1887/2020,3
Canada/BC_3989992/2020,3
Canada/BC_3808524/2020,3
USA/CA-CZB0158/2020,3
USA/IL-UW-1311/2020,3
USA/CA-CZB0125/2020,3
USA/CT-Yale-010/2020,3
USA/CA-CZB040/2020,3
USA/CT-Yale-037/2020,3
USA/VA-DCLS-0019/2020,3
USA/VA-DCLS-0017/2020,3
Belgium/BJ-0324192/2020,2
Australia/NSW169/2020,4
Hangzhou/HZCDC6706/2020,1
Scotland/EDB015/2020,2
Shanghai/SH0086/2020,1
Shanghai/SH0014/2020,1
Belgium/DA-030691/2020,2
Germany/BavPat1/2020,2
Guangzhou/GZMU0037/2020,1
Brazil/CV9/2020,5
Finland/FIN-114/2020,2
Belgium/KKN-0319184/2020,2
Finland/FIN-25/2020,2
USA/WI-GMF-00857/2020,3
Canada/ON_PHL0976/2020,3
Germany/NRW-48/2020,2
Belgium/DB-03023/2020,2
Italy/UniMI01/2020,2
Spain/CastillayLeon201061/2020,2
Spain/Madrid201105/2020,2
Scotland/CVR104/2020,2
Scotland/CVR129/2020,2
Belgium/QOJ-030751/2020,2
Belgium/OT-0319109/2020,2
Belgium/HP-0319108/2020,2
Zhejiang/HZ103/2020,1
Norway/1526/2020,2
USA/VA-DCLS-0043/2020,3
USA/VA-DCLS-0045/2020,3
Luxembourg/Lux1/2020,2
Luxembourg/LNS0000001/2020,2
Italy/INMI8/2020,2
Sweden/20-50236/2020,2
Australia/WA11/202,4
Australia/WA06/2020,4
England/20100121006/2020,2
England/20100121007/2020,2
England/200990660/2020,2
England/20100005406/2020,2
England/20100004706/2020,2
England/20100004806/2020,2
Wales/PHWC-26ABB/2020,2
USA/AK-PHL115/2020,3
Poland/PL_P9/2020,2
Poland/PL_P8/2020,2
Australia/WA02/2020,4
Australia/VIC706/2020,4
Belgium/BA-02291/2020,2
Belgium/RA-030445/2020,2
Belgium/BM-03012/2020,2
Belgium/SN-03031/2020,2
Belgium/VAG-03013/2020,2
Belgium/VLM-03011/2020,2
Belgium/CD-030679/2020,2
Belgium/WWM-030665/2020,2
Belgium/JLJ-0320101/2020,2
Belgium/GE-0317105/2020,2
Belgium/VL-0318104/2020,2
Belgium/VNP-0320107/2020,2
Belgium/DA-0319106/2020,2
Belgium/LY-030575/2020,2
Belgium/MJP-030684/2020,2
Belgium/PA-030680/2020,2
Belgium/ECC-030686/2020,2
Belgium/RJL-030588/2020,2
Belgium/PAN-030681/2020,2
Belgium/LM-030685/2020,2
Portugal/PT0019/2020,2
Australia/VIC228/2020,4
Italy/TE4959/2020,2
USA/GA_1299/2020,3
Brazil/MG0112/2020,5
Australia/QLDID926/2020,4
Ireland/Dublin-22361/2020,2
England/200990723/2020,2
Scotland/EDB560/2020,2
Ecuador/HGSQ-USFQ-018/2020,5
USA/MN68-MDH68/2020,3
Brazil/MG0101/2020,5
Nigeria/Lagos01/2020,0
Peru/010/2020,5
Belgium/ULG-10068/2020,2
Denmark/SSI-01/2020,2
USA/GA_2742/2020,3
Brazil/CV17/2020,5
Belgium/ULG-10045/2020,2
Belgium/ULG-10046/2020,2
USA/MN136-MDH136/2020,3
Mexico/Chihuahua-IMSS_01/2020,3
Canada/ON_PHL3458/2020,3
USA/MN5-MDH5/2020,3
Belgium/FR-03029/2020,2
Brazil/CV35/2020,5
Switzerland/TI2045/2020,2
Taiwan/CGMH-CGU-13/2020,1
Italy/TE6570/2020,2
England/20146064604/2020,2
England/NOTT-10EAF4/2020,2
France/IDF3577/2020,2
Switzerland/VD0503/2020,2
Switzerland/VD5615/2020,2
Austria/CeMM0003/2020,2
Austria/CeMM0010/2020,2
Russia/Moscow-62502/2020,2
Russia/Moscow-62508/2020,2
Australia/VIC239/2020,4
Belgium/KN-030756/2020,2
Belgium/MTR-03026/2020,2
Belgium/BC-03016/2020,2
Switzerland/GR2988/2020,2
Switzerland/GR3043/2020,2
Brazil/CV48/2020,5
Brazil/AL-837/2020,5
Brazil/SPBR-14/2020,5
USA/CT-UW-5036/2020,3
England/CAMB-7375E/2020,2
Spain/Valencia98/2020,2
Belgium/RC-0324168/2020,2
Belgium/RYR-030649/2020,2
Belgium/GJ-030458/2020,2
Netherlands/Delft_1363424/2020,2
Brazil/CV33/2020,5
Netherlands/Diemen_1363454/2020,2
Belgium/030959/2020,2
Switzerland/42176216/2020,2
Switzerland/42177472/2020,2
Belgium/RGE-0325122/2020,2
Belgium/TG-030757/2020,2
Belgium/JK-0305110/2020,2
CzechRepublic/IAB_14/2020,2
CzechRepublic/2122/2020,2
Iceland/333/2020,2
Switzerland/1000477757/2020,2
Netherlands/ZuidHolland_72/2020,2
Germany/Baden-Wuerttemberg-1/2020,2
USA/CT-Yale-024/2020,3
Portugal/PT0026/2020,2
Portugal/PT0009/2020,2
Portugal/PT0030/2020,2
Portugal/PT0031/2020,2
Brazil/SPBR-12/2020,5
Turkey/GLAB-CoV013/2020,2
Belgium/ULG-10127/2020,2
Belgium/ULG-10043/2020,2
Belgium/ULG-10105/2020,2
Turkey/HSGM-8990/2020,2
USA/MI-SC2-0002/2020,3
Taiwan/225/2020,1
Canada/ON_PHL7590/2020,3
SouthAfrica/KRISP_0012/2020,0
Wales/PHWC-2666C/2020,2
Belgium/BG-030955/2020,2
Sweden/20-08149/2020,2
Belgium/QKJ-03015/2020,2
Belgium/DBD-03024/2020,2
Belgium/UMF-03025/2020,2
Belgium/UGent-6/2020,2
Sweden/20-08173/2020,2
Sweden/20-08155/2020,2
Belgium/MC-030689/2020,2
Belgium/FM-030592/2020,2
Belgium/LD-030597/2020,2
Belgium/VMC-030695/2020,2
Belgium/BDW-030694/2020,2
Belgium/BS-030598/2020,2
Belgium/SB-030990/2020,2
Belgium/RR-030699/2020,2
Belgium/DD-030593/2020,2
Canada/ON_PHL8458/2020,3
Switzerland/1000477377/2020,2
Canada/ON_PHL8539/2020,3
Canada/ON_PHL0654/2020,3
Netherlands/Friesland_7/2020,2
Portugal/PT0007/2020,2
Portugal/PT0028/2020,2
Portugal/PT0010/2020,2
England/CAMB-77031/2020,2
Belgium/ULG-10044/2020,2
Russia/Moscow-25I/2020,2
Portugal/PT0016/2020,2
Brazil/GO0106/2020,5
Switzerland/GE1422/2020,2
Brazil/CV16/2020,5
Brazil/CV19/2020,5
Brazil/CV26/2020,5
Brazil/CV8/2020,5
Netherlands/Helmond_1363548/2020,2
Switzerland/AG7120/2020,2
Switzerland/GE1402/2020,2
Brazil/DFBR-0001/2020,5
Switzerland/GE1736/2020,2
Canada/ON_PHL2653/2020,3
Australia/NT11/2020,4
Brazil/CV32/2020,5
USA/WI-198/2020,3
Brazil/RJ-818/2020,5
Brazil/RJ-872/2020,5
Brazil/RJ-763/2020,5
Brazil/DF-861/2020,5
Brazil/DF-862/2020,5
Brazil/DF-891/2020,5
Brazil/DF-615i/2020,5
Brazil/DF-619i/2020,5
Brazil/CV43/2020,5
Belgium/HCM-0324151/2020,2
Belgium/GJJ-0325145/2020,2
Belgium/VWJM-0324136/2020,2
Belgium/VT-0325143/2020,2
England/SHEF-C00DF/2020,2
England/20146069604/2020,2
Russia/Yakutia-73709/2020,2
Russia/Moscow-77610/2020,2
Russia/Yakutia-83301/2020,2
Russia/Moscow-77620/2020,2
Netherlands/ZuidHolland_69/2020,2
Denmark/SSI-05/2020,2
Sweden/20-08143/2020,2
Russia/Moscow_PMVL-1/2020,2
Russia/Moscow-67142/2020,2
Russia/Khabarovsk-88201/2020,2
DRC/215/2020,0
DRC/523/2020,0
Wales/PHWC-23AEB/2020,2
Iceland/488/2020,2
Wales/PHW07/2020,2
Poland/1109171/2020,2
Wales/PHWC-23ADC/2020,2
Sweden/20-50132/2020,2
Switzerland/1000477797/2020,2
USA/MO_4470/2020,3
Brazil/BA-312/2020,5
Brazil/BA-510/2020,5
Belgium/ULG-10061/2020,2
Belgium/ULG-6942/2020,2
India/nimh-0113/2020,1
India/nimh-0130/2020,1
India/nimh-0182/2020,1
Switzerland/42169171/2020,2
Switzerland/GE8102/2020,2
France/ARA10282/2020,2
Iceland/233/2020,2
Israel/ISR_IT0320/2020,1
Canada/SK_63/2020,3
JOR/SEARCH-0043-JOR/2020,1
USA/FL_5125/2020,3
Brazil/SPBR-13/2020,5
Brazil/SPBR-08/2020,5
USA/FL_5091/2020,3
USA/WI-164/2020,3
Spain/VH198152683/2020,2
Belgium/ULG-10018/2020,2
USA/MN62-MDH62/2020,3
USA/VA-DCLS-0065/2020,3
USA/VA-DCLS-0066/2020,3
USA/VA-DCLS-0067/2020,3
Russia/Samara-73403/2020,2
USA/AZ-TG271866/2020,3
USA/NY-NYUMC90/2020,3
Russia/Moscow-67609/2020,2
USA/MN128-MDH128/2020,3
USA/CT-UW258/2020,3
Scotland/EDB561/2020,2
Switzerland/42202619/2020,2
Switzerland/42202622/2020,2
Switzerland/BE6651/2020,2
Switzerland/GE5737/2020,2
Australia/NSW27/2020,4
Netherlands/NoordHolland_2/2020,2
Netherlands/NA_310/2020,2
Switzerland/42175213/2020,2
Switzerland/42175220/2020,2
Belgium/SEM-0324120/2020,2
Hungary/mbl49/2020,2
Belgium/ULG-10027/2020,2
Belgium/ULG-10131/2020,2
Belgium/LJ-0325148/2020,2
Belgium/VPMV-0325153/2020,2
Switzerland/GE3895/2020,2
Luxembourg/LNS7866283/2020,2
Switzerland/42169310/2020,2
Switzerland/42170345/2020,2
Switzerland/42174724/2020,2
USA/GA_1621/2020,3
Switzerland/42169471/2020,2
Switzerland/GE9586/2020,2
Switzerland/BS0914/2020,2
USA/AZ_4811/2020,3
Switzerland/BL0902/2020,2
Colombia/Bogota78390/2020,5
Netherlands/ZuidHolland_103/2020,2
Luxembourg/LNS3259987/2020,2
Belgium/PC-0325147/2020,2
Belgium/MAC-0324142/2020,2
Switzerland/GE4644/2020,2
Switzerland/GE6414/2020,2
Switzerland/1000477806/2020,2
Switzerland/GE6099/2020,2
Switzerland/GE3655/2020,2
England/20148006604/2020,2
DRC/241/2020,0
Belgium/UGent-4/2020,2
Belgium/UGent-8/2020,2
Belgium/UGent-12/2020,2
Australia/VIC199/2020,4
Netherlands/Eindhoven_1363782/2020,2
Netherlands/Limburg_5/2020,2
Netherlands/Utrecht_22/2020,2
Finland/FIN-318/2020,2
CzechRepublic/2556/2020,2
Netherlands/Utrecht_14/2020,2
Netherlands/Utrecht_1/2020,2
Belgium/VS-030542/2020,2
Finland/FIN03032020C/2020,2
Belgium/VI-03027/2020,2
Switzerland/SZ1417/2020,2
Netherlands/ZuidHolland_2/2020,2
Belgium/DBA-03032/2020,2
Belgium/JRH-030459/2020,2
Iceland/79/2020,2
Iceland/360/2020,2
Ireland/21023/2020,2
Iceland/15/2020,2
Netherlands/ZuidHolland_20/2020,2
Netherlands/ZuidHolland_15/2020,2
Netherlands/NoordBrabant_36/2020,2
Netherlands/Utrecht_2/2020,2
Netherlands/Limburg_3/2020,2
Netherlands/ZuidHolland_6/2020,2
Netherlands/Limburg_8/2020,2
Netherlands/NA_15/2020,2
Italy/TE5512/2020,2
Netherlands/NA_8/2020,2
Finland/FIN-313/2020,2
Netherlands/Utrecht_15/2020,2
Scotland/CVR147/2020,2
Netherlands/NA_12/2020,2
Iceland/54/2020,2
Germany/BAV-V2011376/2020,2
Netherlands/NoordBrabant_3/2020,2
Netherlands/NA_9/2020,2
Germany/BAV-V2010492/2020,2
Belgium/DWAEE-030954/2020,2
Netherlands/NA_26/2020,2
Netherlands/NA_11/2020,2
Scotland/CVR49/2020,2
Belgium/MTR-03021/2020,2
Belgium/GMH-03022/2020,2
Belgium/MF-030546/2020,2
Belgium/GSA-030454/2020,2
Belgium/DJ-030452/2020,2
Belgium/RA-030664/2020,2
Belgium/DAL-030650/2020,2
Belgium/VF-030562/2020,2
Belgium/RJ-030552/2020,2
Belgium/VJP-030463/2020,2
Portugal/PT0001b/2020,2
Netherlands/NoordHolland_1/2020,2
Netherlands/Utrecht_10/2020,2
Netherlands/Limburg_2/2020,2
Netherlands/Utrecht_7/2020,2
Netherlands/Overijssel_1/2020,2
Netherlands/Utrecht_4/2020,2
Netherlands/NoordBrabant_2/2020,2
Brazil/SPBR-03/2020,5
Iceland/22/2020,2
Netherlands/Gelderland_1/2020,2
Netherlands/Utrecht_5/2020,2
Netherlands/ZuidHolland_24/2020,2
Ireland/21145/2020,2
Netherlands/NoordBrabant_15/2020,2
Germany/BAV-V2010486/2020,2
Finland/FIN-508/2020,2
Netherlands/ZuidHolland_22/2020,2
Netherlands/NA_309/2020,2
Netherlands/Friesland_2/2020,2
Iceland/83/2020,2
Netherlands/ZuidHolland_25/2020,2
Netherlands/NA_7/2020,2
Netherlands/Gelderland_3/2020,2
Russia/Moscow-62506/2020,2
Netherlands/NoordBrabant_58/2020,2
Russia/Moscow_64405/2020,2
Australia/QLDID924/2020,4
Russia/Moscow-71605/2020,2
Germany/BAV-V2010837/2020,2
Netherlands/Berlicum_1363564/2020,2
Portugal/CV62/2020,2
Netherlands/NA_25/2020,2
Brazil/SPBR-07/2020,5
Belgium/MMJ-03034/2020,2
Netherlands/ZuidHolland_10/2020,2
Netherlands/Utrecht_21/2020,2
Netherlands/Utrecht_13/2020,2
Belgium/SQ-03043/2020,2
Russia/Lipetsk-62704/2020,2
Iceland/24/2020,2
Iceland/73/2020,2
Netherlands/NA_19/2020,2
Russia/Krasnodar-63401/2020,2
Russia/Lipetsk-62707/2020,2
Sweden/20-08145/2020,2
Iceland/37/2020,2
Brazil/SPBR-04/2020,5
Belgium/JL-03044/2020,2
Belgium/NL-030447/2020,2
Germany/NRW-011/2020,2
Ireland/Dublin-19072/2020,2
Netherlands/NoordBrabant_14/2020,2
Georgia/Tb-273/2020,1
Australia/VIC705/2020,4
USA/CA-CZB0707/2020,3
Russia/StPetersburg-RII6086S/2020,2
Thailand/Bangkok-0022/2020,1
Thailand/Bangkok-0036/2020,1
Thailand/Bangkok-0017/2020,1
England/20130071804/2020,2
Switzerland/1000477796/2020,2
England/20099038206/2020,2
Italy/TE6580/2020,2
Netherlands/NA_2/2020,2
Russia/Perm-82707/2020,2
Sweden/20-50234/2020,2
Portugal/PT0022/2020,2
Portugal/PT0034/2020,2
USA/NY-NYUMC213/2020,3
Ghana/1565_S13/2020,0
USA/CA-CZB0714/2020,3
Russia/StPetersburg-RII4307V/2020,2
Russia/StPetersburg-RII4308V/2020,2
CzechRepublic/Seq3/2020,2
CzechRepublic/Seq5/2020,2
USA/UT-00287/2020,3
USA/UT-00498/2020,3
Taiwan/NTU14/2020,1
Taiwan/CGMH-CGU-12/2020,1
Vietnam/39607/2020,1
Portugal/PT0008/2020,2
Italy/TE5553/2020,2
USA/WI-258/2020,3
Ireland/24052/2020,2
Denmark/ALAB-SSI235/2020,2
CzechRepublic/IAB_17/2020,2
Scotland/EDB192/2020,2
Russia/Buryatia-84506/2020,2
Russia/Ulan-Ude-RII4560S/2020,2
Russia/StPetersburg-RII4328S/2020,2
Russia/Ulan-Ude-RII4562V/2020,2
Russia/StPetersburg-RII4332S/2020,2
Belgium/PC-0325182/2020,2
Russia/Vector_84801/2020,2
England/SHEF-C01EB/2020,2
Russia/Buryatia-84508/2020,2
Italy/VR_20COV21-26/2020,2
Ghana/2914_S8/2020,0
England/20144074804/2020,2
Wales/PHWC-27100/2020,2
USA/NY-NYUMC172/2020,3
Scotland/EDB101/2020,2
Turkey/HSGM-11520/2020,2
Russia/Sakha-89702/2020,2
Belgium/ULG-10024/2020,2
Belgium/ULG-10050/2020,2
Scotland/EDB083/2020,2
Belgium/BEG-0323154/2020,2
Belgium/FMC-0323159/2020,2
England/20146025504/2020,2
England/20139060804/2020,2
USA/CA-CZB0713/2020,3
Australia/VIC881/2020,4
Taiwan/CGMH-CGU-18/2020,1
Portugal/PT0081/2020,2
Portugal/PT0047/2020,2
Portugal/IGC00010/2020,2
Germany/BAV-V2012612/2020,2
Germany/BAV-V2012622/2020,2
Germany/BAV-V2012620/2020,2
Russia/Moscow-35I/2020,2
Australia/VIC814/2020,4
Belgium/ULG-10104/2020,2
Germany/NRW-55/2020,2
Germany/NRW-45/2020,2
Greece/13/2020,2
JOR/SEARCH-0049-JOR/2020,1
Taiwan/CGMH-CGU-20/2020,1
Brazil/RJ0116/2020,5
Greece/12/2020,2
USA/CZB-RR057-007/2020,3
CzechRepublic/Seq6/2020,2
Taiwan/TSGH-03/2020,1
France/ARA10251/2020,2
CzechRepublic/Seq7/2020,2
CzechRepublic/Seq4/2020,2
Italy/TE5056/2020,2
France/IDF2792/2020,2
Japan/P4-4/2020,1
Russia/Tatarstan-82208/2020,2
JOR/SEARCH-0034-JOR/2020,1
Belgium/ML-0324164/2020,2
JOR/SEARCH-0041-JOR/2020,1
Belgium/NIM-0324161/2020,2
Belgium/ULG-8543/2020,2
Italy/TE5780/2020,2
Italy/TE5052/2020,2
Australia/VIC252/2020,4
Australia/VIC561/2020,4
Russia/Sverdlovsk-86704/2020,2
Chile/Santiago-2/2020,5
France/IDF2561/2020,2
Sweden/20-50361/2020,2
Gambia/GC19-015/2020,0
USA/CT-Yale-047/2020,3
Japan/P4-8/2020,1
Japan/P4-7/2020,1
Japan/P4-6/2020,1
Scotland/CVR17/2020,2
Greece/10/2020,2
USA/CA-CZB0167/2020,3
Australia/NSW162/2020,4
USA/WI-16/2020,3
Wales/PHWC-2465F/2020,2
USA/FL_6318/2020,3
NewZealand/20VR0189/2020,4
Belgium/DHWM-03041/2020,2
NewZealand/20VR019/2020,4
Kuwait/KU008/2020,1
Switzerland/GE8086/2020,2
Portugal/PT0033/2020,2
Italy/TE5674/2020,2
Kuwait/KU005/2020,1
Germany/BAV-V2012856/2020,2
Kuwait/KU001/2020,1
Belgium/ULG-9714/2020,2
Japan/P4-5/2020,1
England/20148043704/2020,2
Russia/StPetersburg-RII6060S/2020,2
Germany/NRW-41/2020,2
JOR/SEARCH-0045-JOR/2020,1
Georgia/Tb-1679/2020,1
Russia/Buryatia-88903/2020,2
Italy/TE6225/2020,2
Netherlands/ZuidHolland_65/2020,2
Belgium/ULG-10082/2020,2
Spain/Valencia45/2020,2
Portugal/PT0023/2020,2
Japan/P5-3/2020,1
Canada/MB_10/2020,3
Netherlands/NA_299/2020,2
Russia/Buryatia-84504/2020,2
Russia/Novosibirsk-84101/2020,2
Russia/Yakutia-73703/2020,2
Iceland/365/2020,2
Iceland/456/2020,2
Sweden/20-08169/2020,2
Japan/P4-3/2020,1
Russia/StPetersburg-64304/2020,2
Japan/P4-2/2020,1
USA/CT-UW159/2020,3
Japan/P5-1/2020,1
Belgium/ULG-9742/2020,2
Brazil/RS0107/2020,5
Taiwan/TSGH-05/2020,1
Italy/TE4880/2020,2
Italy/TE4953/2020,2
Italy/TE6572/2020,2
Russia/Buryatia-87104/2020,2
England/20139016804/2020,2
JOR/SEARCH-0052-JOR/2020,1
Italy/HSacco-1/2020,2
Wales/PHWC-26936/2020,2
England/20146006904/2020,2
Russia/Buryatia-87106/2020,2
Russia/Buryatia-87105/2020,2
Russia/StPetersburg-RII5170S/2020,2
JOR/SEARCH-0054-JOR/2020,1
Mexico/CDMX-InDRE_01/2020,3
Italy/INMI4/2020,2
Spain/Valencia25/2020,2
Ireland/Dublin-22428/2020,2
Belgium/VBK-03061/2020,2
Luxembourg/LNS3652733/2020,2
Germany/NRW-13/2020,2
Italy/TE7859/2020,2
Brazil/RJ-477i/2020,5
Brazil/RJ-477/2020,5
Sweden/20-50087/2020,2
Australia/NSW152/2020,4
JOR/SEARCH-0033-JOR/2020,1
Netherlands/NA_312/2020,2
Thailand/Bangkok-0033/2020,1
JOR/SEARCH-0044-JOR/2020,1
JOR/SEARCH-0046-JOR/2020,1
JOR/SEARCH-0055-JOR/2020,1
England/201380037/2020,2
Russia/StPetersburg-RII6063S/2020,2
Turkey/HSGM-8979/2020,2
Australia/NSW159/2020,4
Australia/VIC851/2020,4
Netherlands/Overijssel_2/2020,2
Italy/TE6575/2020,2
Italy/TE6577/2020,2
USA/CT-UW213/2020,3
Japan/P5-2/2020,1
Italy/TE6571/2020,2
England/CAMB-738E2/2020,2
Belgium/ULG-10102/2020,2
Italy/6193/2020,2
Russia/StPetersburg-RII5169S/2020,2
Belgium/ULG-10057/2020,2
England/20146063404/2020,2
England/20146006704/2020,2
USA/OH-OSUP0109/2020,3
England/20146019004/2020,2
Canada/ON_PHL0977/2020,3
Sweden/20-08148/2020,2
Italy/TE6195/2020,2
England/20144071604/2020,2
England/20146008104/2020,2
Italy/TE6222/2020,2
Russia/Primorskiy-79001/2020,2
Italy/TE5476/2020,2
Belgium/NMA-0324169/2020,2
USA/CT-Yale-013/2020,3
Vietnam/CM295/2020,1
Vietnam/CM296/2020,1
Portugal/PT0017/2020,2
Wales/PHWC-24F18/2020,2
Canada/ON_PHL3695/2020,3
Brazil/SP0105/2020,5
England/20146025304/2020,2
Kuwait/KU006/2020,1
Japan/P4-1/2020,1
Brazil/SP0104/2020,5
Russia/StPetersburg-RII6056S/2020,2
England/CAMB-76FDB/2020,2
England/20146001004/2020,2
Belgium/ULG-10067/2020,2
Australia/VIC651/2020,4
USA/VA-DCLS-0042/2020,3
Belgium/DNS-0324176/2020,2
Russia/StPetersburg-RII4713S/2020,2
Russia/StPetersburg-RII4728S/2020,2
Russia/StPetersburg-RII4983S/2020,2
Russia/StPetersburg-RII4972S/2020,2
Russia/StPetersburg-RII5654S/2020,2
Russia/StPetersburg-RII5634S/2020,2
Russia/StPetersburg-RII5635S/2020,2
Russia/StPetersburg-RII5633S/2020,2
Russia/StPetersburg-RII4711S/2020,2
Russia/StPetersburg-RII4697S/2020,2
Russia/StPetersburg-RII4781S/2020,2
Russia/StPetersburg-RII4707S/2020,2
Russia/StPetersburg-RII5644S/2020,2
Russia/StPetersburg-RII4988S/2020,2
Russia/StPetersburg-RII4591S/2020,2
Russia/StPetersburg-RII4724S/2020,2
Russia/StPetersburg-RII4686S/2020,2
Russia/StPetersburg-RII4584S/2020,2
Russia/StPetersburg-RII4970S/2020,2
Russia/StPetersburg-RII4693S/2020,2
Russia/StPetersburg-RII4585S/2020,2
Russia/StPetersburg-RII4706S/2020,2
Russia/StPetersburg-RII5642S/2020,2
Russia/StPetersburg-RII4969S/2020,2
Australia/VIC818/2020,4
Netherlands/NoordHolland_5/2020,2
Netherlands/ZuidHolland_34/2020,2
Netherlands/NA_28/2020,2
Netherlands/NA_18/2020,2
Netherlands/NA_17/2020,2
Belgium/RS-030257/2020,2
Belgium/MSE-0324131/2020,2
Denmark/SSI-04/2020,2
Belgium/MS-0324134/2020,2
Russia/Buryatia-86204/2020,2
Russia/Crymea-80603/2020,2
Denmark/SSI-02/2020,2
DRC/402/2020,0
Belgium/RDC-030961/2020,2
Belgium/UNJP-0324125/2020,2
Belgium/LPDC-0323115/2020,2
Scotland/EDB517/2020,2
Switzerland/42175075/2020,2
Belgium/SC-0319113/2020,2
Belgium/ULG-9617/2020,2
Belgium/EBN-0323116/2020,2
Belgium/MC-0323129/2020,2
Belgium/DPG-0325123/2020,2
Belgium/LV-0324133/2020,2
Belgium/FFJ-0324124/2020,2
Belgium/GMJ-0324132/2020,2
Belgium/NML-0325127/2020,2
Luxembourg/LNS7580831/2020,2
USA/WY-WYPHL014/2020,3
England/20144017704/2020,2
Netherlands/Utrecht_1363564/2020,2
Netherlands/Utrecht_6/2020,2
Netherlands/Utrecht_1363628/2020,2
Finland/FIN03032020A/2020,2
SouthAfrica/KRISP_0007/2020,0
SouthAfrica/KRISP_0011/2020,0
Australia/VIC798/2020,4
Australia/VIC816/2020,4
Denmark/SSI-102/2020,2
Belgium/GL-030546/2020,2
Belgium/SS-031047/2020,2
Germany/NRW-15/2020,2
Belgium/VGA-030672/2020,2
Belgium/DCS-030796/2020,2
Netherlands/Gelderland_12/2020,2
Russia/Moscow-71604/2020,2
Canada/BC_6489864/2020,3
France/N1620/2020,2
Italy/UniSR1/2020,2
USA/MI-SC2-0005/2020,3
Switzerland/TI9486/2020,2
Netherlands/ZuidHolland_68/2020,2
Brazil/CV3/2020,5
NetherlandsL/Houten_1363498/2020,2
Netherlands/Utrecht_3/2020,2
France/N2223/2020,2
Luxembourg/LNS9627078/2020,2
Canada/SK_20/2020,3
Canada/SK_16/2020,3
Canada/BC_9345042/2020,3
Canada/BC_6997898/2020,3
Switzerland/GE1184/2020,2
Italy/INMI7/2020,2
Luxembourg/LNS6854244/2020,2
Luxembourg/LNS7438855/2020,2
Luxembourg/LNS6969569/2020,2
Sweden/20-50312/2020,2
Netherlands/NA_188/2020,2
Netherlands/ZuidHolland_59/2020,2
Netherlands/ZuidHolland_62/2020,2
Luxembourg/LNS6282845/2020,2
Luxembourg/LNS5971805/2020,2
Russia/Moscow-80112/2020,2
Ghana/2944_S9/2020,0
Luxembourg/LNS3156434/2020,2
Canada/BC_7553799/2020,3
USA/CA-CZB089/2020,3
Italy/TE5551/2020,2
Luxembourg/LNS4836560/2020,2
Luxembourg/LNS2128808/2020,2
Mexico/CDMX-INER_02/2020,3
England/20140039304/2020,2
USA/RI_0520/2020,3
Australia/VIC278/2020,4
Brazil/CV31/2020,5
Spain/Vircell001/2020,2
Spain/Madrid_H12_1502/2020,2
Spain/Madrid_H12_1703/2020,2
Spain/Madrid_H7_36/2020,2
Spain/Madrid_H12_2107/2020,2
Spain/Valencia50/2020,2
Spain/Madrid_LP23_5852/2020,2
Belgium/UGent-2/2020,2
Scotland/CVR176/2020,2
Mexico/Puebla-InDRE_05/2020,3
Portugal/PT0024/2020,2
Spain/Madrid_H12_2902/2020,2
Spain/Madrid_H11_40/2020,2
USA/HI_4970/2020,3
Switzerland/GE0304/2020,2
Switzerland/GE2453/2020,2
Iceland/208/2020,2
Switzerland/GE8147/2020,2
Scotland/CVR91/2020,2
Scotland/EDB562/2020,2
Wales/PHWC-26954/2020,2
Switzerland/GE0199/2020,2
Scotland/EDB085/2020,2
Australia/VIC195/2020,4
Taiwan/NTU16/2020,1
Mexico/CDMX-INER_01/2020,3
Mexico/CDMX-INCMNSZ_05/2020,3
Spain/Madrid_H12_4112/2020,2
Spain/Madrid_H12_24/2020,2
Spain/Madrid_H12_32/2020,2
Netherlands/ZuidHolland_82/2020,2
Netherlands/Friesland_6/2020,2
Netherlands/ZuidHolland_70/2020,2
Netherlands/ZuidHolland_88/2020,2
Netherlands/Friesland_9/2020,2
Spain/Madrid_H12_1301/2020,2
USA/PA_1802/2020,3
Scotland/EDB070/2020,2
Spain/Madrid_H12_27/2020,2
Scotland/CVR177/2020,2
Taiwan/CGMH-CGU-15/2020,1
Spain/Madrid_H12_2006/2020,2
Spain/Madrid_H12_3304/2020,2
Spain/Madrid_H12_1804/2021,2
England/20146004804/2020,2
England/20146004904/2020,2
Panama/328677/2020,3
Italy/INMI5/2020,2
Hungary/mbl2/2020,2
Russia/StPetersburg-RII4144S/2020,2
Russia/StPetersburg-RII4649S/2020,2
Finland/14M77/2020,2
Spain/Valencia13/2020,2
Australia/NSW110/2020,4
Netherlands/ZuidHolland_80/2020,2
Netherlands/NA_257/2020,2
Spain/Madrid_H12_2309/2020,2
Turkey/HSGM-8970/2020,2
Australia/VIC619/2020,4
Spain/Madrid_H12_3203/2020,2
Spain/Valencia87/2020,2
Spain/Valencia75/2020,2
Spain/Madrid_H12_2410/2020,2
Hungary/mbl1/2020,2
Australia/NSW112/2020,4
Thailand/Bangkok-0043/2020,1
Scotland/EDB232/2020,2
Russia/StPetersburg-RII4637S/2020,2
Russia/StPetersburg-RII5244S/2020,2
Spain/Valencia51/2020,2
Georgia/Tb-712/2020,1
Spain/Valencia48/2020,2
Australia/VIC622/2020,4
Belgium/MCW-030574/2020,2
Belgium/AKM-030670/2020,2
Taiwan/NTU15/2020,1
Switzerland/GE3650/2020,2
Luxembourg/LNS4845603/2020,2
Switzerland/GE4984/2020,2
USA/UT-00501/2020,3
USA/UT-00139/2020,3
USA/UT-00510/2020,3
USA/UT-00511/2020,3
Ireland/Limerick-19935/2020,2
Denmark/SSI-09/2020,2
Netherlands/Utrecht_8/2020,2
Netherlands/Utrecht_11/2020,2
Netherlands/NoordBrabant_103/2020,2
Netherlands/Utrecht_20/2020,2
Netherlands/NoordBrabant_101/2020,2
Netherlands/NA_31/2020,2
Netherlands/Friesland_4/2020,2
Germany/NRW-33/2020,2
Denmark/ALAB-SSI330/2020,2
Netherlands/Limburg_10/2020,2
Germany/NRW-34/2020,2
Germany/NRW-36/2020,2
Netherlands/ZuidHolland_57/2020,2
Netherlands/NoordBrabant_91/2020,2
Netherlands/ZuidHolland_54/2020,2
Netherlands/NA_179/2020,2
Netherlands/Gelderland_2/2020,2
Netherlands/NoordBrabant_81/2020,2
Netherlands/NA_304/2020,2
Netherlands/NoordBrabant_100/2020,2
Australia/NT17/2020,4
Netherlands/NoordBrabant_96/2020,2
Australia/NT16/2020,4
England/20099107406/2020,2
Portugal/PT0012/2020,2
Portugal/PT0014/2020,2
Portugal/PT0018/2020,2
Portugal/PT0013/2020,2
Poland/1105973/2020,2
Netherlands/ZuidHolland_52/2020,2
Georgia/Tb/2020,1
Canada/ON_PHLU8150/2020,3
France/IDF3236/2020,2
Sweden/20-08690/2020,2
Sweden/20-08170/2020,2
Australia/VIC217/2020,4
Australia/VIC465/2020,4
Poland/PL_P2/2020,2
Poland/PL_P3/2020,2
France/IDF3212/2020,2
Netherlands/ZuidHolland_40/2020,2
Netherlands/ZuidHolland_41/2020,2
Netherlands/NA_275/2020,2
Netherlands/NA_16/2020,2
JOR/SEARCH-0047-JOR/2020,1
Poland/PL_P4/2020,2
Poland/PL_P6/2020,2
Iceland/506/2020,2
Belgium/ULG-10063/2020,2
Belgium/ULG-10108/2020,2
Ireland/Limerick-19934/2020,2
Belgium/RT-030460/2020,2
Belgium/RT-03035/2020,2
Spain/Irsi-04/2020,2
Spain/Madrid201706/2020,2
Spain/Madrid_LP27_2548/2020,2
Switzerland/GE3121/2020,2
Russia/Moscow-77627/2020,2
Spain/Madrid_H3_10/2020,2
USA/RI_0556/2020,3
Switzerland/GE5373/2020,2
Spain/Madrid_H12_3607/2020,2
Spain/Madrid201442/2020,2
Spain/Galicia201663/2020,2
Spain/Madrid201709/2020,2
Austria/CeMM0020/2020,2
Spain/Valencia16/2020,2
Russia/StPetersburg-RII6061S/2020,2
Russia/Pskov-83602/2020,2
Russia/Sverdlovsk-82904/2020,2
Russia/StPetersburg-RII6031S/2020,2
Spain/Madrid_H12_26/2020,2
Russia/StPetersburg-RII6027S/2020,2
USA/AK-PHL006/2020,3
France/CVL3365/2020,2
Iceland/600/2020,2
Iceland/10/2020,2
Iceland/599/2020,2
Iceland/494/2020,2
Iceland/555/2020,2
Russia/StPetersburg-RII4384V/2020,2
USA/ID-UW-4461/2020,3
Russia/StPetersburg-RII5942S/2020,2
Russia/StPetersburg-RII4382V/2020,2
Spain/Madrid_H12_33/2020,2
Spain/Madrid_H10_39/2020,2
Spain/VH000001133/2020,2
Australia/NT19/2020,4
Russia/StPetersburg-RII4949S/2020,2
Russia/Omsk-89001/2020,2
NorthernIreland/HSCNI01/2020,2
Belgium/BJ-030767/2020,2
USA/UT-00513/2020,3
USA/UT-00514/2020,3
India/GBRC1/2020,1
India/GBRC1s/2020,1
Denmark/SSI-03/2020,2
Belgium/RS-030677/2020,2
Belgium/WAM-030676/2020,2
USA/IA_6390/2020,3
Belgium/HL-030771/2020,2
Portugal/CV63/2020,2
Spain/Valencia97/2020,2
Portugal/PT0003/2020,2
Portugal/PT0006a/2020,2
Spain/Valencia77/2020,2
Spain/Valencia86/2020,2
Portugal/PT0025/2020,2
Portugal/PT0004/2020,2
Portugal/PT0011/2020,2
Spain/Valencia64/2020,2
Spain/Valencia85/2020,2
Italy/FVG-ICGEB_S9/2020,2
Italy/FVG-ICGEB_S8/2020,2
USA/VA_6389/2020,3
Luxembourg/LNS5731562/2020,2
USA/WI-45/2020,3
USA/WI-135/2020,3
USA/WI-152/2020,3
USA/WI-128/2020,3
USA/WI-145/2020,3
USA/WI-141/2020,3
USA/WI-124/2020,3
USA/WI-147/2020,3
USA/WI-130/2020,3
USA/WI-120/2020,3
USA/WI-107/2020,3
USA/WI-40/2020,3
USA/WI-27/2020,3
USA/WI-122/2020,3
Senegal/119/2020,0
Senegal/094/2020,0
Senegal/087/2020,0
Senegal/082/2020,0
Senegal/102/2020,0
Senegal/073/2020,0
Germany/NRW-54/2020,2
England/CAMB-7381F/2020,2
Australia/VIC340/2020,4
USA/UT-00023/2020,3
Wales/PHWC-24367/2020,2
Wales/PHWC-27012/2020,2
USA/CT-Yale-040/2020,3
USA/CT-Yale-068/2020,3
USA/CT-Yale-098/2020,3
USA/CT-Yale-020/2020,3
England/20144075204/2020,2
England/20144076304/2020,2
Australia/VIC873/2020,4
England/20146064504/2020,2
England/20146007404/2020,2
England/20138083604/2020,2
Poland/PL_P5/2020,2
Australia/VIC834/2020,4
Brazil/SPBR-06/2020,5
Brazil/SPBR-05/2020,5
Brazil/CV13/2020,5
Wales/PHWC-266A8/2020,2
Wales/PHWC-26392/2020,2
USA/WA-UW-4677/2020,3
Luxembourg/LNS1918658/2020,2
USA/MN32-MDH32/2020,3
USA/MN35-MDH35/2020,3
USA/MN48-MDH48/2020,3
USA/CA-PC101P/2020,3
Japan/SMU-0311S3/2020,1
USA/ID-UW-2127/2020,3
Luxembourg/LNS9056474/2020,2
Australia/NSW118/2020,4
Iceland/379/2020,2
Italy/INMI10/2020,2
Denmark/ALAB-SSI451/2020,2
Belgium/DRV-0325157/2020,2
Belgium/UGent-24/2020,2
Belgium/ULG-10071/2020,2
Belgium/UGent-22/2020,2
Luxembourg/LNS3702558/2020,2
Russia/StPetersburg-RII3992/2020,2
Russia/Samara-73406/2020,2
Italy/INMI6/2020,2
Italy/TE5166/2020,2
Belgium/UGent-25/2020,2
USA/MN58-MDH58/2020,3
USA/UT-00090/2020,3
USA/UT-00031/2020,3
USA/UT-00100/2020,3
USA/WI-151/2020,3
Australia/QLDID920/2020,4
Japan/SMU-0311S2/2020,1
USA/NY-NYUMC257/2020,3
USA/WI-131/2020,3
USA/WI-148/2020,3
Belgium/DCB-0324163/2020,2
Russia/StPetersburg-RII4326S/2020,2
Italy/VR_20COV21-37/2020,2
USA/WI-134/2020,3
Australia/VIC821/2020,4
USA/UT-00442/2020,3
Italy/CDG1/2020,2
Taiwan/144/2020,1
Taiwan/NTU21/2020,1
Taiwan/NTU19/2020,1
Italy/UniMI03/2020,2
Brazil/SPBR-01/2020,5
Spain/Madrid_LP12_21/2020,2
USA/WI-106/2020,3
Spain/Valencia41/2020,2
Italy/FVG-ICGEB_S5/2020,2
Italy/FVG-ICGEB_S14/2020,2
Italy/FVG-ICGEB_S18/2020,2
CzechRepublic/951/2020,2
Italy/INMI3/2020,2
Scotland/CVR60/2020,2
Sweden/20-08719/2020,2
USA/OR-UW135/2020,3
England/20132050802/2020,2
Sweden/RV-FOI-6/2020,2
Russia/StPetersburg-RII6055S/2020,2
USA/IA_6401/2020,3
USA/IA_6396/2020,3
USA/AZ-TG268657/2020,3
Germany/NRW-51/2020,2
USA/MN133-MDH133/2020,3
USA/UT-00032/2020,3
Australia/VIC853/2020,4
USA/UT-00492/2020,3
USA/UT-00491/2020,3
Russia/StPetersburg-RII4936S/2020,2
France/GE1973/2020,2
Brazil/SPBR-09/2020,5
Australia/VIC774/2020,4
Australia/VIC898/2020,4
Australia/VIC323/2020,4
Australia/VIC800/2020,4
Australia/VIC490/2020,4
Australia/VIC803/2020,4
Australia/VIC478/2020,4
Australia/VIC802/2020,4
Brazil/RJ-314/2020,5
USA/IA_6399/2020,3
Netherlands/ZuidHolland_98/2020,2
Scotland/EDB407/2020,2
Scotland/EDB420/2020,2
Scotland/CVR58/2020,2
Scotland/EDB022/2020,2
Wales/PHWC-267A5/2020,2
Wales/PHWC-270C7/2020,2
USA/IN-Lilly-IPB0170-4bc21/2020,3
USA/WI-137/2020,3
USA/WI-154/2020,3
USA/WI-60/2020,3
USA/WI-49/2020,3
USA/WI-81/2020,3
Denmark/ALAB-SSI324/2020,2
Georgia/Tb-477/2020,1
Canada/ON_PHL4088/2020,3
USA/MN51-MDH51/2020,3
USA/MN36-MDH36/2020,3
USA/AZ-TG268281/2020,3
USA/NH_0029/2020,3
SouthAfrica/R03006-20/2020,0
Belgium/VRAR-030643/2020,2
Denmark/ALAB-SSI108/2020,2
Belgium/SH-03014/2020,2
Wales/PHW1/2020,2
USA/AK-PHL092/2020,3
USA/AK-PHL077/2020,3
USA/AK-PHL002/2020,3
USA/AK-PHL003/2020,3
Netherlands/NoordBrabant_16/2020,2
Ireland/Limerick-19933/2020,2
Germany/BAV-V2010840/2020,2
Wales/PHWC-253B1/2020,2
Belgium/BG-030551/2020,2
Belgium/VDLH-030548/2020,2
Belgium/DLDJ-030569/2020,2
Belgium/GE-030573/2020,2
Russia/Tver-72601/2020,2
Canada/SK_52/2020,3
USA/AZ-TG269848/2020,3
Portugal/PT0032/2020,2
USA/IA_6391/2020,3
Scotland/EDB162/2020,2
USA/UT-00008/2020,3
Senegal/600/2020,0
USA/WI-133/2020,3
Wales/PHWC-2623B/2020,2
USA/WI-78/2020,3
Italy/TE4925/2020,2
Brazil/CV42/2020,5
Switzerland/42202805/2020,2
Italy/TE5835/2020,2
Netherlands/ZuidHolland_58/2020,2
Netherlands/Gelderland_6/2020,2
USA/IN_2001/2020,3
Australia/VIC682/2020,4
USA/WI-GMF-00441/2020,3
Belgium/CJE-0325178/2020,2
France/IDF2849/2020,2
Belgium/ULG-10084/2020,2
Belgium/ULG-8664/2020,2
USA/MN30-MDH30/2020,3
Germany/NRW-44/2020,2
USA/IA_6395/2020,3
USA/IA_6394/2020,3
Italy/FVG-ICGEB_S1/2020,2
Netherlands/Zeewolde_1365080/2020,2
Switzerland/GE7617/2020,2
France/IDF3235/2020,2
Russia/Sverdlovsk-71903/2020,2
Senegal/139/2020,0
Switzerland/42176753/2020,2
France/ARA12238/2020,2
France/BFC2147/2020,2
France/Lyon_683/2020,2
France/Clermont-Ferrand_651/2020,2
Luxembourg/LNS4691488/2020,2
France/IDF2534/2020,2
France/Clermont-Ferrand_650/2020,2
Luxembourg/LNS2848109/2020,2
Belgium/ULG-10092/2020,2
Senegal/315/2020,0
Luxembourg/LNS1612000/2020,2
DRC/KN-0058/2020,0
DRC/KN-0051/2020,0
Taiwan/NTU12/2020,1
Iceland/192/2020,2
France/BFC2094/2020,2
France/BFC2709/2020,2
Ghana/2853_S7/2020,0
France/GE3067/2020,2
France/Lyon_06625/2020,2
France/ARA12265/2020,2
France/HF1870/2020,2
Brazil/CV49/2020,5
France/GE3372/2020,2
Belgium/CK-0324150/2020,2
Belgium/AGR-0324174/2020,2
Belgium/VD-0318102/2020,2
Luxembourg/LNS0074148/2020,2
Belgium/PJM-0325166/2020,2
Australia/VIC312/2020,4
France/Pollionay_1733/2020,2
France/ARA10188/2020,2
France/ARA10189/2020,2
France/ARA12250/2020,2
France/ARA13160/2020,2
Luxembourg/LNS0158952/2020,2
France/ARA12485/2020,2
Luxembourg/LNS0756270/2020,2
Luxembourg/LNS2886370/2020,2
Luxembourg/LNS2907333/2020,2
Luxembourg/LNS0156959/2020,2
Luxembourg/LNS1234709/2020,2
Belgium/ULG-10038/2020,2
Belgium/EC-0325128/2020,2
DRC/376/2020,0
DRC/396/2020,0
DRC/397/2020,0
Belgium/OS-0325137/2020,2
Belgium/DCS-0325158/2020,2
DRC/214/2020,0
Belgium/ULG-10062/2020,2
Belgium/NA-0323141/2020,2
France/ARA10172/2020,2
France/Bourg-en-Bresse_06678/2020,2
France/ARA10163/2020,2
France/CVL2000/2020,2
Belgium/ULG-9739/2020,2
Canada/NB_6/2020,3
Canada/NB_21/2020,3
Belgium/ULG-10112/2020,2
Canada/NB_1/2020,3
Canada/NB_35/2020,3
Belgium/ULG-10119/2020,2
Canada/BC_7493713/2020,3
Belgium/ULG-9558/2020,2
Belgium/ULG-10040/2020,2
Belgium/ULG-10060/2020,2
Belgium/ULG-10077/2020,2
Belgium/ULG-10081/2020,2
Belgium/ULG-10100/2020,2
France/Valence_532/2020,2
Luxembourg/LNS3257811/2020,2
Luxembourg/LNS2247193/2020,2
Luxembourg/LNS8188502/2020,2
Luxembourg/LNS4885848/2020,2
Luxembourg/LNS9371718/2020,2
Luxembourg/LNS6603085/2020,2
France/ARA09451/2020,2
Luxembourg/LNS0102413/2020,2
Belgium/RHA-0324177/2020,2
Belgium/CJM-0323175/2020,2
Switzerland/GE5708/2020,2
France/IDF3230/2020,2
Belgium/ULG-9738/2020,2
Taiwan/TSGH-07/2020,1
Switzerland/GE6679/2020,2
France/HF2196/2020,2
France/IDF2279/2020,2
Luxembourg/LNS2614631/2020,2
Belgium/ULG-10055/2020,2
France/HF2151/2020,2
Belgium/RS-0324138/2020,2
DRC/998/2020,0
DRC/1234/2020,0
DRC/1249/2020,0
Switzerland/GE3144/2020,2
Belgium/ULG-10069/2020,2
Belgium/ULG-10137/2020,2
Belgium/ULG-10111/2020,2
Netherlands/NA_305/2020,2
Luxembourg/LNS8323413/2020,2
France/IDF3165/2020,2
France/HF2797/2020,2
Belgium/CA-0319111/2020,2
France/IDF3276/2020,2
DRC/82/2020,0
France/IDF3703/2020,2
Switzerland/GE2759/2020,2
France/HF3677/2020,2
Australia/NT12/2020,4
Australia/NT13/2020,4
Belgium/DB-0323140/2020,2
Belgium/PM-0324144/2020,2
Belgium/BS-0325183/2020,2
Belgium/ZF-0325152/2020,2
Ghana/1659_S14/2020,0
Netherlands/ZuidHolland_100/2020,2
Netherlands/ZuidHolland_55/2020,2
Switzerland/BE2536/2020,2
Belgium/NKR-030645/2020,2
France/Lyon_06487/2020,2
Switzerland/42176771/2020,2
Switzerland/GE06207/2020,2
Switzerland/GE4135/2020,2
France/HF2496/2020,2
France/ARA09434/2020,2
France/ARA12915/2020,2
France/ARA09686/2020,2
DRC/KN-0054/2020,0
DRC/73/2020,0
DRC/KN-0043/2020,0
DRC/80/2020,0
DRC/KN-0070/2020,0
DRC/KN-0072/2020,0
Switzerland/42176229/2020,2
Switzerland/42177430/2020,2
Switzerland/42177236/2020,2
Switzerland/42176560/2020,2
Switzerland/42177434/2020,2
Switzerland/42178712/2020,2
DRC/94/2020,0
France/IDF2848/2020,2
Belgium/UM-0318103/2020,2
Portugal/PT0039/2020,2
Switzerland/GE2164/2020,2
France/IDF2684/2020,2
Belgium/NKMA-0324172/2020,2
Belgium/ULG-7500/2020,2
Belgium/STM-0324170/2020,2
Belgium/ULG-7134/2020,2
Belgium/ULG-10142/2020,2
Belgium/ULG-10030/2020,2
Scotland/CVR219/2020,2
Belgium/QL-0324173/2020,2
Belgium/CCM-0324167/2020,2
Switzerland/GE0056/2020,2
France/GE2720/2020,2
France/GE2722/2020,2
Luxembourg/LNS9652104/2020,2
DRC/521/2020,0
DRC/1131/2020,0
DRC/253/2020,0
Belgium/GLA-0324179/2020,2
DRC/248/2020,0
Belgium/BEG-0324149/2020,2
France/ARA12996/2020,2
France/IDF3324/2020,2
France/IDF3518/2020,2
Belgium/GM-0323139/2020,2
England/20100022706/2020,2
Netherlands/NoordBrabant_17/2020,2
Netherlands/NA_306/2020,2
Netherlands/NA_314/2020,2
Mexico/CDMX-INER_04/2020,3
England/20144012404/2020,2
Australia/VIC874/2020,4
Sweden/20-50123/2020,2
Sweden/20-50235/2020,2
Sweden/20-50174/2020,2
Sweden/20-50048/2020,2
Sweden/20-50171/2020,2
Sweden/20-50232/2020,2
Sweden/20-50180/2020,2
Sweden/20-50133/2020,2
Sweden/20-50131/2020,2
Sweden/20-50130/2020,2
Sweden/20-50176/2020,2
Sweden/20-50170/2020,2
Sweden/20-50173/2020,2
Sweden/20-50175/2020,2
Sweden/20-50172/2020,2
Sweden/20-50181/2020,2
Netherlands/NA_87/2020,2
Belgium/VM-0325171/2020,2
Belgium/LT-030956/2020,2
Belgium/NJC-0324126/2020,2
Belgium/CF-0324119/2020,2
Netherlands/Flevoland_1/2020,2
Netherlands/NA_10/2020,2
Belgium/VLG-0325162/2020,2
Belgium/DJMG-0325156/2020,2
Netherlands/NA_13/2020,2
Netherlands/NA_1/2020,2
Canada/ON_PHL3692/2020,3
Russia/StPetersburg-RII3997/2020,2
USA/OH-OSUP0017/2020,3
Russia/Chelyabinsk-85311/2020,2
Portugal/PT0037/2020,2
USA/UT-00022/2020,3
Brazil/CV28/2020,5
France/HF1813/2020,2
France/HF2234/2020,2
Denmark/ALAB-HH08/2020,2
France/B2348/2020,2
France/HF1463/2020,2
France/HF1465/2020,2
Thailand/Bangkok-0042/2020,1
Belgium/DBOM-030566/2020,2
Denmark/ALAB-HH02/2020,2
USA/CA-CDPH-UC24/2020,3
Norway/2084/2020,2
Denmark/ALAB-SSI471/2020,2
Netherlands/NoordHolland_3/2020,2
Netherlands/NA_20/2020,2
USA/WY-WYPHL015/2020,3
Australia/VIC155/2020,4
USA/CA-CZB0100/2020,3
USA/WA-UW210/2020,3
Denmark/ALAB-SSI151/2020,2
Denmark/ALAB-SSI195/2020,2
Denmark/ALAB-SSI139/2020,2
USA/OH-OSUP0024/2020,3
Belgium/ULG-10017/2020,2
USA/NY-NYUMC199/2020,3
Germany/NRW-12/2020,2
Denmark/ALAB-SSI254/2020,2
Denmark/ALAB-SSI367/2020,2
Germany/NRW-49/2020,2
France/HF1645/2020,2
Netherlands/NA_24/2020,2
USA/NY-Wadsworth-11003-01/2020,3
USA/NY-NYUMC281/2020,3
France/ARA12626/2020,2
USA/WI-GMF-00822/2020,3
Germany/NRW-22/2020,2
Germany/NRW-40/2020,2
USA/WI-142/2020,3
USA/WI-125/2020,3
Germany/NRW-20/2020,2
Germany/NRW-26/2020,2
Germany/NRW-18/2020,2
USA/CT-Yale-076/2020,3
USA/WI-98/2020,3
Australia/VIC849/2020,4
Denmark/ALAB-SSI366/2020,2
England/20132048102/2020,2
Germany/NRW-42/2020,2
USA/CA-MG0987/2020,3
Germany/NRW-23/2020,2
Germany/NRW-37/2020,2
Thailand/Bangkok-0038/2020,1
USA/NY-Wadsworth-30878-01/2020,3
Scotland/EDB150/2020,2
USA/WI-104/2020,3
USA/NY-Wadsworth-32104-01/2020,3
Taiwan/NTU09/2020,1
Canada/MB_39/2020,3
Germany/NRW-21/2020,2
England/20146062504/2020,2
England/200981386/2020,2
Switzerland/AG0361/2020,2
Portugal/PT0005/2020,2
Switzerland/GE6065/2020,2
Switzerland/GE4807/2020,2
DRC/KN-0038/2020,0
DRC/236/2020,0
DRC/108/2020,0
DRC/191/2020,0
Scotland/CVR83/2020,2
Norway/1495/2020,2
Belgium/VHRA-030644/2020,2
Iceland/427/2020,2
Sweden/20-50076/2020,2
Finland/FIN-266/2020,2
Australia/QLDID923/2020,4
Norway/1953/2020,2
Russia/Moscow-62505/2020,2
Belgium/KA-03042/2020,2
Slovakia/SK-BMC1/2020,2
Russia/Moscow-62501/2020,2
Iceland/3/2020,2
Italy/UnivPM1/2020,2
USA/MN67-MDH67/2020,3
Netherlands/NA_292/2020,2
Belgium/VHC-030655/2020,2
Italy/TE4836/2020,2
Russia/Sverdlovsk-71905/2020,2
Russia/Moscow-64601/2020,2
Belgium/HC-030760/2020,2
Italy/INMI9/2020,2
Netherlands/ZuidHolland_9/2020,2
Netherlands/NA_23/2020,2
Luxembourg/LNS3588186/2020,2
Luxembourg/LNS5444595/2020,2
Luxembourg/LNS2151006/2020,2
Belgium/ULG-6754/2020,2
Luxembourg/LNS9322962/2020,2
Luxembourg/LNS6175058/2020,2
USA/SC_3572/2020,3
Belgium/ULG-10115/2020,2
Belgium/ULG-6972/2020,2
Italy/TE5472/2020,2
Netherlands/Gelderland_7/2020,2
Belgium/UGent-13/2020,2
Brazil/CV2/2020,5
Brazil/CV6/2020,5
Russia/StPetersburg-3524/2020,2
France/N4427/2020,2
Australia/NT10/2020,4
USA/FL_1177/2020,3
USA/FL_7169/2020,3
France/B1623/2020,2
Poland/1104795/2020,2
France/ARA10552/2020,2
France/Lyon_0668/2020,2
France/ARA12877/2020,2
France/ARA1284/2020,2
France/ARA11950/2020,2
France/ARA12759/2020,2
Iceland/60/2020,2
Canada/ON_PHL1898/2020,3
France/ARA10910/2020,2
France/ARA11952/2020,2
USA/PA_2734/2020,3
USA/CT-Yale-089/2020,3
USA/IL_0087/2020,3
USA/VA-DCLS-0091/2020,3
USA/TX_2817/2020,3
USA/MD_0026/2020,3
Canada/BC_5275718/2020,3
USA/CA-CZB030/2020,3
Taiwan/CGMH-CGU-16/2020,1
Taiwan/TSGH-14/2020,1
Brazil/CV12/2020,5
Canada/BC_6004567/2020,3
USA/MN25-MDH25/2020,3
Canada/ON_PHLH6415/2020,3
Brazil/CV4/2020,5
Japan/P3-1/2020,1
Japan/P3-2/2020,1
USA/NJ_3201/2020,3
USA/PA_4405/2020,3
USA/WI-127/2020,3
USA/WI-144/2020,3
USA/CT-UW331/2020,3
USA/AZ-TG271890/2020,3
USA/AZ-TG271922/2020,3
USA/AZ-TG273304/2020,3
USA/AZ-TG273316/2020,3
USA/AZ-TG271894/2020,3
USA/AZ-TG273286/2020,3
USA/AZ-TG271900/2020,3
USA/AZ-TG273318/2020,3
USA/AZ-TG271896/2020,3
Brazil/CV21/2020,5
Belgium/ULG-10011/2020,2
Belgium/ULG-10103/2020,2
Belgium/ULG-10097/2020,2
DRC/81/2020,0
Turkey/HSGM-7718/2020,2
Russia/Chechenya-83803/2020,2
Belgium/ULG-10035/2020,2
Belgium/ULG-10012/2020,2
Turkey/GLAB-CoV012/2020,2
Turkey/GLAB-CoV008/2020,2
Belgium/ULG-10133/2020,2
Belgium/ULG-9732/2020,2
Turkey/HSGM-8001/2020,2
Turkey/HSGM-5769/2020,2
Turkey/HSGM-5624/2020,2
Turkey/HSGM-8003/2020,2
Turkey/HSGM-8964/2020,2
Turkey/HSGM-8975/2020,2
Turkey/HSGM-4701/2020,2
Turkey/HSGM-8968/2020,2
Turkey/HSGM-5711/2020,2
Russia/Chechenya-83801/2020,2
Turkey/HSGM-4505/2020,2
Turkey/HSGM-4236/2020,2
Turkey/HSGM-5602/2020,2
Turkey/HSGM-10241/2020,2
USA/TX_2967/2020,3
USA/NY-NYUMC235/2020,3
USA/NY-NYUMC81/2020,3
Taiwan/NTU03/2020,1
USA/PA_4395/2020,3
USA/VA-DCLS-0008/2020,3
USA/OH_0019/2020,3
USA/VA-DCLS-0009/2020,3
Japan/P1/2020,1
Canada/SK_4/2020,3
Japan/P2-1/2020,1
USA/CT-Yale-110/2020,3
USA/CT-Yale-075/2020,3
USA/VA-DCLS-0054/2020,3
USA/VA-DCLS-0060/2020,3
Brazil/MG0108/2020,5
Brazil/CV20/2020,5
Japan/P2-2/2020,1
Canada/BC_6129127/2020,3
Canada/ON_PHL8751/2020,3
USA/MD_0027/2020,3
USA/NY-PV09194/2020,3
USA/PA_2735/2020,3
USA/OH_0020/2020,3
Taiwan/NTU08/2020,1
USA/NY-NYUMC51/2020,3
USA/CT-UW329/2020,3
Portugal/PT0021/2020,2
Taiwan/CGMH-CGU-19/2020,1
USA/NY-NYUMC270/2020,3
USA/CT-UW-5073/2020,3
USA/WI-257/2020,3
USA/WI-99/2020,3
Canada/ON_PHL0539/2020,3
Sweden/20-50179/2020,2
France/HF2174/2020,2
Canada/ON_PHL3741/2020,3
DRC/KN-0017/2020,0
France/HF2155/2020,2
Canada/MB_37/2020,3
France/IDF3170/2020,2
France/IDF3384/2020,2
France/GE1977/2020,2
Senegal/382/2020,0
USA/MA_2652/2020,3
USA/MA_3653/2020,3
France/HF1993/2020,2
France/HF2948/2020,2
France/GE2843/2020,2
France/HF3598/2020,2
USA/IN_72003/2020,3
USA/IN_82003/2020,3
USA/IN_92003/2020,3
France/HF3534/2020,2
France/HF1995/2020,2
France/HF3293/2020,2
France/HF2239/2020,2
England/20139008304/2020,2
Poland/PL_P7/2020,2
England/20132018704/2020,2
England/201360296/2020,2
England/201361040/2020,2
Turkey/HSGM-4706/2020,2
Slovakia/SK-BMC5/2020,2
France/ARA12125/2020,2
France/ARA12249/2020,2
France/ARA12388/2020,2
France/IDF2533/2020,2
Gambia/GC19-029/2020,0
Senegal/611/2020,0
USA/NC_0025/2020,3
Australia/VIC856/2020,4
Australia/VIC867/2020,4
Australia/VIC868/2020,4
USA/MA_8932/2020,3
Slovakia/SK-BMC2/2020,2
USA/MA_3614/2020,3
USA/MA_4811/2020,3
USA/MA_3642/2020,3
USA/NC_0024/2020,3
USA/IL-UW353/2020,3
USA/VA-DCLS-0068/2020,3
USA/VA-DCLS-0089/2020,3
USA/VA-DCLS-0041/2020,3
USA/VA-DCLS-0088/2020,3
USA/VA-DCLS-0076/2020,3
USA/VA-DCLS-0005/2020,3
USA/VA-DCLS-0087/2020,3
USA/VA-DCLS-0075/2020,3
USA/VA-DCLS-0080/2020,3
USA/VA-DCLS-0078/2020,3
USA/VA-DCLS-0081/2020,3
USA/VA-DCLS-0077/2020,3
USA/VA-DCLS-0079/2020,3
USA/VA-DCLS-0090/2020,3
France/HF2393/2020,2
France/HF1684/2020,2
USA/MA_3672/2020,3
USA/MA_3623/2020,3
USA/MA_3616/2020,3
USA/MA_3626/2020,3
USA/MA_3699/2020,3
USA/KS_4126/2020,3
USA/WI-158/2020,3
Canada/ON_PHL0743/2020,3
USA/PA_2317/2020,3
USA/NC_0031/2020,3
USA/PA_2937/2020,3
Australia/NSW61/2020,4
USA/VA-DCLS-0020/2020,3
USA/VA-DCLS-0012/2020,3
USA/PA_1881/2020,3
USA/MA_8933/2020,3
USA/MA_9703/2020,3
USA/MA_0020/2020,3
France/HF2060/2020,2
USA/MA_3878/2020,3
Belgium/DVBJ-030468/2020,2
USA/MA_9889/2020,3
France/IDF1980/2020,2
USA/MA_9704/2020,3
France/IDF3386/2020,2
USA/UT-00348/2020,3
France/IDF2768/2020,2
DRC/KN-0060/2020,0
DRC/243/2020,0
DRC/254/2020,0
DRC/KN-13/2020,0
Sweden/20-50230/2020,2
USA/UT-00502/2020,3
France/HF2748/2020,2
Switzerland/GE5007/2020,2
Russia/Khabarovsk-71403/2020,2
France/HF2597/2020,2
Senegal/370/2020,0
USA/CT-Yale-092/2020,3
France/HF3036/2020,2
USA/CT-UW-5086/2020,3
France/B2330/2020,2
Taiwan/NTU05/2020,1
Brazil/SC-769/2020,5
Germany/NRW-43/2020,2
USA/CT-Yale-014/2020,3
Netherlands/Haarlem_1363688/2020,2
France/IDF3930/2020,2
USA/NY-Wadsworth-16766-01/2020,3
Iceland/30/2020,2
USA/AK-PHL101/2020,3
Denmark/ALAB-HH60/2020,2
France/IDF3274/2020,2
Taiwan/CGMH-CGU-17/2020,1
USA/NY-NYUMC192/2020,3
France/Macon_06756/2020,2
Denmark/ALAB-SSI520/2020,2
Georgia/Tb-673/2020,1
USA/CT-UW-4347/2020,3
France/HF2405/2020,2
France/Lyon_508/2020,2
Denmark/ALAB-HH04/2020,2
USA/WA-UW-1574/2020,3
Australia/VIC370/2020,4
Australia/NT06/2020,4
Taiwan/NTU17/2020,1
Taiwan/TSGH-04/2020,1
Luxembourg/LNS6137379/2020,2
France/HF2306/2020,2
Norway/2114/2020,2
Denmark/ALAB-SSI119/2020,2
Belgium/GOF-030578/2020,2
Belgium/BM-030687/2020,2
USA/UN-UW-5044/2020,3
USA/ID-UW-4400/2020,3
USA/NE-912/2020,3
USA/AZ-TG271860/2020,3
Denmark/ALAB-SSI438/2020,2
France/PL1643/2020,2
Russia/Sverdlovsk-71904/2020,2
Finland/14M3/2020,2
USA/UT-00033/2020,3
USA/UT-00097/2020,3
Canada/ON_PHL3680/2020,3
Canada/ON_PHL6980/2020,3
USA/NY-NYUMC262/2020,3
USA/NY-Yale-030/2020,3
USA/WA-UW-1616/2020,3
USA/CT-UW-1365/2020,3
Senegal/328/2020,0
Senegal/640/2020,0
USA/CA-CZB0147/2020,3
USA/UT-00080/2020,3
Taiwan/NTU20/2020,1
Russia/Moscow-71602/2020,2
USA/WI-139/2020,3
USA/AZ-TG269863/2020,3
USA/IL-UW348/2020,3
France/B2349/2020,2
France/B2344/2020,2
France/B2351/2020,2
France/HF3141/2020,2
France/HF1989/2020,2
France/HF1988/2020,2
France/HF3295/2020,2
France/HF2946/2020,2
France/HF2237/2020,2
France/HF3138/2020,2
France/HF3290/2020,2
Australia/VIC582/2020,4
USA/CT-UW-4238/2020,3
USA/MN52-MDH52/2020,3
USA/MN38-MDH38/2020,3
France/IDF2075/2020,2
Thailand/Bangkok-0021/2020,1
Belgium/ULG-10001/2020,2
Belgium/ULG-10078/2020,2
Sweden/20-08151/2020,2
USA/CA-CZB0142/2020,3
USA/UT-00078/2020,3
USA/UT-00071/2020,3
USA/UT-00076/2020,3
Denmark/ALAB-SSI372/2020,2
Denmark/ALAB-SSI437/2020,2
Denmark/ALAB-SSI439/2020,2
Denmark/ALAB-HH87/2020,2
Denmark/ALAB-SSI352/2020,2
Denmark/ALAB-SSI501/2020,2
USA/NY-WCMP12E06P/2020,3
USA/NY-NYUMC258/2020,3
USA/CT-UW256/2020,3
USA/OH-OSUP0112/2020,3
Sweden/20-08681/2020,2
USA/CT-Yale-107/2020,3
Ghana/2986_S10/2020,0
Ghana/1622_S2/2020,0
USA/WA-UW-4649/2020,3
USA/WA-UW-5065/2020,3
USA/WA-UW-5025/2020,3
USA/WA-UW-4707/2020,3
USA/UT-00034/2020,3
USA/UT-00520/2020,3
USA/UT-00507/2020,3
USA/UT-00506/2020,3
USA/UT-00508/2020,3
USA/UT-00503/2020,3
USA/UT-00519/2020,3
Sweden/20-08685/2020,2
Sweden/20-08693/2020,2
Denmark/ALAB-SSI399/2020,2
Sweden/20-08683/2020,2
Denmark/ALAB-HH78/2020,2
Sweden/20-08684/2020,2
Denmark/ALAB-SSI393/2020,2
USA/CT-UW-4372/2020,3
Australia/NSW147/2020,4
JOR/SEARCH-0032-JOR/2020,1
Australia/VIC820/2020,4
Australia/VIC823/2020,4
Australia/NSW130/2020,4
USA/NY-PV08449/2020,3
USA/NY-NYUMC248/2020,3
France/IDF2412/2020,2
France/IDF3040/2020,2
USA/WA-UW-4921/2020,3
USA/NY-NYUMC289/2020,3
CzechRepublic/2741/2020,2
CzechRepublic/IAB_4/2020,2
CzechRepublic/2282/2020,2
Russia/Sverdlovsk-84302/2020,2
France/HF3419/2020,2
USA/VA-DCLS-0033/2020,3
USA/VA-DCLS-0084/2020,3
USA/VA-DCLS-0006/2020,3
USA/VA-DCLS-0083/2020,3
USA/VA-DCLS-0040/2020,3
USA/VA-DCLS-0036/2020,3
USA/VA-DCLS-0034/2020,3
USA/VA-DCLS-0039/2020,3
USA/VA-DCLS-0038/2020,3
Algeria/G0860_2262/2020,0
Scotland/EDB124/2020,2
Algeria/G0638_2264/2020,0
Algeria/G0640_2265/2020,0
France/IDF2548/2020,2
France/HF1871/2020,2
France/HF3678/2020,2
France/HF2595/2020,2
France/IDF2251/2020,2
France/IDF2253/2020,2
France/IDF2256/2020,2
France/IDF3509/2020,2
France/IDF2252/2020,2
USA/CT-Yale-053/2020,3
Russia/StPetersburg-RII4386V/2020,2
USA/NY-PV09164/2020,3
USA/AZ-TG273310/2020,3
USA/AZ-TG273300/2020,3
USA/AZ-TG273314/2020,3
USA/AZ-TG273308/2020,3
USA/WI-GMF-00921/2020,3
USA/WI-GMF-00744/2020,3
USA/WI-GMF-01047/2020,3
USA/WI-GMF-00707/2020,3
USA/WI-GMF-00928/2020,3
USA/WI-GMF-01159/2020,3
USA/WI-GMF-01158/2020,3
USA/WI-GMF-01316/2020,3
Belgium/BCM-0324160/2020,2
Belgium/BGM-030444/2020,2
Belgium/ULG-3162/2020,2
Belgium/ULG-10121/2020,2
Belgium/GS-030549/2020,2
Belgium/ULG-10041/2020,2
Belgium/ULG-10125/2020,2
Belgium/ULG-9641/2020,2
Belgium/ULG-7821/2020,2
Luxembourg/LNS9324837/2020,2
Luxembourg/LNS8545083/2020,2
Luxembourg/LNS7537751/2020,2
Luxembourg/LNS5228153/2020,2
Luxembourg/LNS9086704/2020,2
Switzerland/GE2297/2020,2
Belgium/ULG-8715/2020,2
Luxembourg/LNS2013896/2020,2
Luxembourg/LNS8489624/2020,2
France/IDF2936/2020,2
Senegal/026/2020,0
Netherlands/ZuidHolland_42/2020,2
England/20144074404/2020,2
France/IDF3218/2020,2
Senegal/003/2020,0
Senegal/016/2020,0
Netherlands/Friesland_5/2020,2
Netherlands/Friesland_10/2020,2
USA/UT-00035/2020,3
France/IDF2359/2020,2
Australia/VIC883/2020,4
USA/NH_0004/2020,3
Senegal/020/2020,0
USA/NH_0033/2020,3
USA/NH_0008/2020,3
Netherlands/ZuidHolland_86/2020,2
Netherlands/Friesland_3/2020,2
France/IDF3163/2020,2
USA/MN132-MDH132/2020,3
USA/AZ-TG268770/2020,3
USA/CA-CZB0750/2020,3
USA/NY-NYUMC269/2020,3
USA/CT-Yale-060/2020,3
USA/CT-Yale-113/2020,3
USA/MN40-MDH40/2020,3
USA/WI-200/2020,3
USA/NY-PV09169/2020,3
USA/CA-CZB0741/2020,3
USA/IL-UW351/2020,3
USA/NY-WCMP12C09P/2020,3
USA/NJ-NYUMC83/2020,3
Australia/VIC560/2020,4
USA/NY-NYUMC39/2020,3
USA/NY-NYUMC247/2020,3
USA/NY-NYUMC144/2020,3
USA/NY-NYUMC157/2020,3
Canada/ON_PHL5756/2020,3
NanChang/JX216/2020,1
USA/NY-NYUMC66/2020,3
USA/NY-NYUMC79/2020,3
USA/NY-NYUMC94/2020,3
USA/NY-NYUMC127/2020,3
USA/NY-NYUMC136/2020,3
USA/NY-PV09129/2020,3
USA/NY-NYUMC234/2020,3
Taiwan/TSGH-08/2020,1
USA/NY-NYUMC129/2020,3
USA/NY-NYUMC184/2020,3
Ghana/2333_S5/2020,0
USA/NY-NYUMC216/2020,3
USA/NY-NYUMC203/2020,3
USA/NY-NYUMC166/2020,3
USA/NY-NYUMC208/2020,3
USA/CT-Yale-067/2020,3
USA/NY-NYUMC254/2020,3
USA/CT-UW-4366/2020,3
USA/NY-NYUMC128/2020,3
USA/NY-PV09183/2020,3
USA/CT-Yale-099/2020,3
USA/CT-Yale-082/2020,3
USA/CT-Yale-091/2020,3
USA/CT-Yale-094/2020,3
USA/NY-NYUMC142/2020,3
USA/CT-Yale-117/2020,3
USA/CT-Yale-073/2020,3
USA/CT-Yale-084/2020,3
USA/AZ-TG272215/2020,3
USA/LA-097/2020,3
USA/MN-UW257/2020,3
USA/UT-00291/2020,3
USA/UT-00290/2020,3
USA/MN-MDH-145/2020,3
USA/MN-UW264/2020,3
USA/AZ-TG269358/2020,3
USA/AZ-TG269238/2020,3
USA/AZ-TG271578/2020,3
USA/AZ-TG269027/2020,3
USA/AZ-TG269290/2020,3
USA/LA_0842/2020,3
USA/MN-UW326/2020,3
USA/LA-096/2020,3
USA/MN-UW251/2020,3
USA/WI-239/2020,3
USA/AZ-TG271892/2020,3
USA/AZ-TG269439/2020,3
USA/UT-00027/2020,3
USA/UT-00445/2020,3
USA/UT-00443/2020,3
USA/AZ-TG271872/2020,3
USA/RI_0882/2020,3
USA/UT-00444/2020,3
USA/AZ-TG270200/2020,3
USA/AZ-TG272213/2020,3
USA/AZ-TG268629/2020,3
USA/UT-00350/2020,3
Canada/BC_6404889/2020,3
USA/AZ-TG268915/2020,3
USA/MN-MDH-118/2020,3
USA/UT-00364/2020,3
USA/UT-00303/2020,3
USA/UT-00495/2020,3
USA/UT-00301/2020,3
USA/UT-00028/2020,3
USA/ID-UW-4100/2020,3
USA/ID-UW-4448/2020,3
USA/ID-UW-2159/2020,3
USA/ID-UW-2198/2020,3
USA/MI-SC2-0007/2020,3
USA/ID-UW-4355/2020,3
USA/ID-UW-4433/2020,3
USA/ID-UW-4427/2020,3
USA/ID-UW-1957/2020,3
USA/CA-CZB0710/2020,3
USA/ID-UW-2255/2020,3
USA/WA-UW-5136/2020,3
USA/ID-UW-1939/2020,3
Canada/BC_7515663/2020,3
USA/CA-CZB0137/2020,3
USA/CA-CZB0136/2020,3
USA/ID-UW-2174/2020,3
USA/CA-CZB0122/2020,3
USA/AK-PHL118/2020,3
USA/ID-UW-1925/2020,3
USA/ID-UW-1934/2020,3
USA/ID-UW-4547/2020,3
USA/ID-UW-4357/2020,3
USA/ID-UW-4266/2020,3
USA/ID-UW-4375/2020,3
USA/ID-UW-4552/2020,3
USA/ID-UW-4239/2020,3
USA/ID-UW-4378/2020,3
USA/ID-UW-2134/2020,3
USA/ID-UW-4396/2020,3
USA/CA-CZB0138/2020,3
USA/ID-UW-1935/2020,3
USA/ID-UW-4598/2020,3
USA/ID-UW-4424/2020,3
USA/ID-UW-1938/2020,3
USA/OR-UW-1885/2020,3
USA/ID-UW-2160/2020,3
USA/WI-87/2020,3
USA/ID-UW-4380/2020,3
Australia/NSW143/2020,4
Germany/NRW-25/2020,2
Denmark/ALAB-SSI409/2020,2
USA/WI-GMF-00232/2020,3
Russia/Orenburg-80305/2020,2
Russia/Krasnodar-80902/2020,2
USA/VA-DCLS-0014/2020,3
USA/WI-53/2020,3
USA/WI-93/2020,3
USA/WI-04/2020,3
USA/NY-NYUMC138/2020,3
USA/NJ_3592/2020,3
USA/RI_0702/2020,3
USA/OH_0023/2020,3
France/HF2381/2020,2
USA/PA_2887/2020,3
Denmark/ALAB-SSI110/2020,2
Denmark/ALAB-SSI183/2020,2
Finland/FIN-455/2020,2
USA/NY-NYUMC197/2020,3
USA/VA-DCLS-0064/2020,3
USA/VA-DCLS-0063/2020,3
USA/NY-WCMP12D02P/2020,3
France/HF2586/2020,2
Canada/ON_PHL1095/2020,3
USA/WY-WYPHL005/2020,3
USA/WY-WYPHL008/2020,3
USA/WY-WYPHL004/2020,3
USA/WY-WYPHL007/2020,3
USA/WY-WYPHL006/2020,3
USA/WY-WYPHL019/2020,3
France/B2346/2020,2
Iceland/59/2020,2
USA/MI-SC2-0001/2020,3
France/B2343/2020,2
Sweden/20-08146/2020,2
Luxembourg/LNS9862689/2020,2
Luxembourg/LNS5032431/2020,2
Netherlands/Drente_1/2020,2
USA/CA-CZB0157/2020,3
Australia/VIC848/2020,4
USA/CA-CZB069/2020,3
USA/WA-UW-3812/2020,3
USA/WA-UW-4068/2020,3
USA/CT-Yale-115/2020,3
USA/CT-UW259/2020,3
USA/VA-DCLS-0031/2020,3
USA/NY-Wadsworth-15616-01/2020,3
Russia/Moscow-67117/2020,2
USA/NY-WCMP12E09P/2020,3
Australia/WA03/2020,4
Canada/MB_36/2020,3
USA/NY-WCMP11H06P/2020,3
Germany/NRW-24/2020,2
USA/AZ-ASU2936/2020,3
Taiwan/CGMH-CGU-14/2020,1
USA/MN60-MDH60/2020,3
Australia/QLDID925/2020,4
USA/MN66-MDH66/2020,3
USA/NY-NYUMC78/2020,3
Finland/14M32/2020,2
USA/NY-NYUMC227/2020,3
England/20148026504/2020,2
USA/NE-892/2020,3
USA/UT-00345/2020,3
USA/NY-NYUMC230/2020,3
USA/CT-UW-5043/2020,3
USA/CT-Yale-048/2020,3
USA/CT-Yale-059/2020,3
USA/CT-Yale-095/2020,3
USA/AZ-TG273282/2020,3
USA/AZ-TG269440/2020,3
USA/AZ-TG273280/2020,3
Australia/VIC184/2020,4
France/IDF2989/2020,2
USA/WY-WYPHL010/2020,3
USA/AZ-WL171/2020,3
Germany/BAV-V2011675/2020,2
Luxembourg/LNS4576534/2020,2
Luxembourg/LNS4423730/2020,2
USA/MN-MDH-120/2020,3
Russia/Moscow-80402/2020,2
Germany/NRW-42.3/2020,2
Australia/VIC863/2020,4
USA/NY-NYUMC261/2020,3
USA/NJ-PV09072/2020,3
USA/CA-CZB086/2020,3
USA/NY-NYUMC191/2020,3
Georgia/Tb-1352/2020,1
USA/CA-CZB077/2020,3
France/HF4220/2020,2
USA/CT-Yale-072/2020,3
USA/NY-Wadsworth-31930-01/2020,3
Thailand/Bangkok-0047/2020,1
Germany/NRW-42.2/2020,2
USA/NY-PV09118/2020,3
Thailand/Bangkok-0045/2020,1
USA/CT-Yale-017/2020,3
Australia/VIC885/2020,4
Germany/BAV-V2011672/2020,2
Brazil/RJ0118/2020,5
Thailand/Bangkok-0048/2020,1
Netherlands/NA_30/2020,2
Canada/ON_PHL3575/2020,3
Iceland/124/2020,2
Thailand/Bangkok-0020/2020,1
USA/MI-SC2-0009/2020,3
Thailand/Bangkok-0046/2020,1
Denmark/ALAB-HH35/2020,2
Netherlands/NoordHolland_4/2020,2
USA/MI-SC2-0008/2020,3
USA/CZB-RR057-011/2020,3
USA/IN-Lilly-IPB0170-4bc20/2020,3
Australia/QLDID927/2020,4
USA/NY-NYUMC65/2020,3
Iceland/286/2020,2
USA/OR-UW-4388/2020,3
USA/VA-DCLS-0055/2020,3
USA/WA-UW-1471/2020,3
Poland/1105644/2020,2
USA/WA-UW-3969/2020,3
USA/OR-UW-4300/2020,3
USA/CT-Yale-035/2020,3
England/20146061504/2020,2
USA/WA-UW-4705/2020,3
Thailand/Bangkok-0044/2020,1
Australia/NSW136/2020,4
Iceland/25/2020,2
France/B2336/2020,2
France/HF1795/2020,2
France/B2337/2020,2
France/B2335/2020,2
USA/UN-UW-5172/2020,3
Netherlands/NA_300/2020,2
Germany/BAV-V2011673/2020,2
USA/NY-WCMP10D06P/2020,3
Luxembourg/LNS5440244/2020,2
USA/WA-S293/2020,3
Germany/NRW-29/2020,2
USA/WA-S276/2020,3
USA/NY-NYUMC179/2020,3
Germany/NRW-28/2020,2
USA/WI-GMF-00557/2020,3
USA/MN124-MDH124/2020,3
USA/CT-UW272/2020,3
USA/NY-WCMP5H02P/2020,3
USA/NY-WCMP4B06P/2020,3
Luxembourg/LNS9080444/2020,2
Russia/Krasnoyarsk-66501/2020,2
USA/IL-UW352/2020,3
USA/VA-DCLS-0061/2020,3
USA/MN45-MDH45/2020,3
USA/NY-NYUMC228/2020,3
USA/NY-PV08456/2020,3
USA/MN130-MDH130/2020,3
Australia/NSW139/2020,4
Australia/NSW140/2020,4
Russia/Sakhalin-84401/2020,2
USA/CT-Yale-051/2020,3
USA/CA-CZB0156/2020,3
Germany/NRW-47/2020,2
USA/NY-NYUMC196/2020,3
USA/CT-UW-5038/2020,3
USA/WI-260/2020,3
USA/WI-41/2020,3
Canada/NS_13/2020,3
Canada/NS_31/2020,3
USA/UPHL-05/2020,3
USA/UT-00019/2020,3
USA/WA-UW-4180/2020,3
USA/ID-UW-4486/2020,3
USA/VA-DCLS-0092/2020,3
USA/WA-UW-4999/2020,3
USA/WA-UW-4732/2020,3
USA/MN-MDH-147/2020,3
France/ARA11997/2020,2
USA/MN-MDH-140/2020,3
Poland/1107355/2020,2
Canada/ON_PHL3650/2020,3
USA/NY-Wadsworth-11330-01/2020,3
USA/WA-UW-4892/2020,3
USA/CA-CZB0139/2020,3
USA/NY-PV08447/2020,3
USA/NY-NYUMC131/2020,3
Germany/NRW-27/2020,2
USA/NY-NYUMC239/2020,3
USA/WA-UW-5095/2020,3
USA/NC_200173/2020,3
USA/WA-UW117/2020,3
Canada/ON_PHL5672/2020,3
Germany/NRW-32/2020,2
Russia/Vector_77628/2020,2
Switzerland/GE0636/2020,2
Denmark/ALAB-SSI346/2020,2
Denmark/ALAB-SSI482/2020,2
USA/VA-DCLS-0046/2020,3
Iceland/95/2020,2
Denmark/ALAB-SSI271A/2020,2
USA/MI-SC2-0006/2020,3
Denmark/ALAB-SSI287/2020,2
USA/NY-Wadsworth-16166-01/2020,3
England/CAMB-739D0/2020,2
Wales/PHWC-26F34/2020,2
USA/NY-PV09077/2020,3
USA/CT-Yale-086/2020,3
USA/CT-Yale-066/2020,3
JOR/SEARCH-0036-JOR/2020,1
JOR/SEARCH-0048-JOR/2020,1
Canada/NS_30/2020,3
USA/WI-GMF-00986/2020,3
USA/WI-GMF-00466/2020,3
USA/WI-GMF-00588/2020,3
USA/WI-94/2020,3
USA/WI-62/2020,3
USA/ID-UW-3888/2020,3
USA/NJ-NYUMC106/2020,3
USA/NY-NYUMC223/2020,3
USA/NY-NYUMC110/2020,3
USA/NY-NYUMC76/2020,3
USA/NJ-NYUMC84/2020,3
USA/CZB-RR057-015/2020,3
USA/CZB-RR057-014/2020,3
USA/CT-Yale-029/2020,3
France/IDF2284/2020,2
USA/NE-875/2020,3
USA/NE-907/2020,3
Sweden/20-08332/2020,2
Sweden/RV-FOI-4/2020,2
Sweden/20-08680/2020,2
England/20114054003/2020,2
Sweden/20-50357/2020,2
Sweden/20-50315/2020,2
Netherlands/NA_243/2020,2
Iceland/578/2020,2
Sweden/20-08320/2020,2
USA/AZ-TG268909/2020,3
USA/WA-S285/2020,3
USA/WA-UW-1824/2020,3
USA/WA-UW-4082/2020,3
USA/WA-UW269/2020,3
USA/WA-UW-4038/2020,3
USA/WA-UW-3889/2020,3
USA/WA-UW-4289/2020,3
USA/WA-UW60/2020,3
USA/WA-UW-3838/2020,3
USA/CT-UW327/2020,3
USA/WA-UW-1287/2020,3
USA/WA-UW-3843/2020,3
USA/WA-UW-5158/2020,3
USA/WA-UW-5166/2020,3
USA/WA-UW-5170/2020,3
USA/WA-UW-1689/2020,3
USA/WA-UW-4695/2020,3
USA/WA-UW-5164/2020,3
USA/UN-UW-1292/2020,3
USA/WA-UW-4925/2020,3
USA/WA-UW-5169/2020,3
USA/WA-UW-4897/2020,3
